SYMB,DATE,SMA
GOOG,2014-04-24,546.4165
GOOG,2014-04-25,544.3025
GOOG,2014-04-28,542.1605
GOOG,2014-04-29,540.697
GOOG,2014-04-30,538.672
GOOG,2014-05-01,536.8895
GOOG,2014-05-02,534.799
GOOG,2014-05-05,534.0325
GOOG,2014-05-06,532.882
GOOG,2014-05-07,530.635
GOOG,2014-05-08,527.978
GOOG,2014-05-09,526.867
GOOG,2014-05-12,526.833
GOOG,2014-05-13,526.8615
GOOG,2014-05-14,526.372
GOOG,2014-05-15,524.544
GOOG,2014-05-16,523.7705
GOOG,2014-05-19,523.7825
GOOG,2014-05-20,523.5305
GOOG,2014-05-21,524.1305
GOOG,2014-05-22,525.1255
GOOG,2014-05-23,526.9515
GOOG,2014-05-27,529.3915
GOOG,2014-05-28,531.0905
GOOG,2014-05-29,532.7615
GOOG,2014-05-30,534.1885
GOOG,2014-06-02,535.4885
GOOG,2014-06-03,536.345
GOOG,2014-06-04,537.821
GOOG,2014-06-05,540.018
GOOG,2014-06-06,542.2845
GOOG,2014-06-09,544.454
GOOG,2014-06-10,545.9855
GOOG,2014-06-11,547.273
GOOG,2014-06-12,548.508
GOOG,2014-06-13,550.097
GOOG,2014-06-16,551.2795
GOOG,2014-06-17,551.987
GOOG,2014-06-18,553.167
GOOG,2014-06-19,553.965
GOOG,2014-06-20,554.53
GOOG,2014-06-23,555.1425
GOOG,2014-06-24,555.076
GOOG,2014-06-25,555.9245
GOOG,2014-06-26,556.7205
GOOG,2014-06-27,557.588
GOOG,2014-06-30,558.6555
GOOG,2014-07-01,560.542
GOOG,2014-07-02,562.4258
GOOG,2014-07-03,563.9673
GOOG,2014-07-07,565.2633
GOOG,2014-07-08,565.7118
GOOG,2014-07-09,566.4883
GOOG,2014-07-10,567.1013
GOOG,2014-07-11,568.4928
GOOG,2014-07-14,570.1483
GOOG,2014-07-15,572.1733
GOOG,2014-07-16,574.1558
GOOG,2014-07-17,575.1737
GOOG,2014-07-18,577.1827
GOOG,2014-07-21,578.8382
GOOG,2014-07-22,580.3277
GOOG,2014-07-23,581.8957
GOOG,2014-07-24,582.6307
GOOG,2014-07-25,583.2817
GOOG,2014-07-28,583.9497
GOOG,2014-07-29,584.4662
GOOG,2014-07-30,584.7037
GOOG,2014-07-31,584.167
GOOG,2014-08-01,583.234
GOOG,2014-08-04,582.779
GOOG,2014-08-05,582.478
GOOG,2014-08-06,581.9927
GOOG,2014-08-07,581.6057
GOOG,2014-08-08,581.0852
GOOG,2014-08-11,580.2357
GOOG,2014-08-12,579.1332
GOOG,2014-08-13,578.7392
GOOG,2014-08-14,578.7852
GOOG,2014-08-15,577.7052
GOOG,2014-08-18,577.3397
GOOG,2014-08-19,576.9457
GOOG,2014-08-20,576.3712
GOOG,2014-08-21,575.8722
GOOG,2014-08-22,575.5492
GOOG,2014-08-25,575.0292
GOOG,2014-08-26,574.6417
GOOG,2014-08-27,573.8207
GOOG,2014-08-28,573.7007
GOOG,2014-08-29,573.9772
GOOG,2014-09-02,574.1862
GOOG,2014-09-03,574.8297
GOOG,2014-09-04,575.61
GOOG,2014-09-05,576.746
GOOG,2014-09-08,577.7935
GOOG,2014-09-09,578.45
GOOG,2014-09-10,579.4685
GOOG,2014-09-11,579.797
GOOG,2014-09-12,579.8455
GOOG,2014-09-15,579.8265
GOOG,2014-09-16,579.716
GOOG,2014-09-17,579.6115
GOOG,2014-09-18,579.8505
GOOG,2014-09-19,580.486
GOOG,2014-09-22,580.7265
GOOG,2014-09-23,580.773
GOOG,2014-09-24,581.2795
GOOG,2014-09-25,581.4825
GOOG,2014-09-26,581.8775
GOOG,2014-09-29,582.1155
GOOG,2014-09-30,582.117
GOOG,2014-10-01,581.6335
GOOG,2014-10-02,581.0385
GOOG,2014-10-03,580.4985
GOOG,2014-10-06,579.88
GOOG,2014-10-07,579.0165
GOOG,2014-10-08,578.4865
GOOG,2014-10-09,577.463
GOOG,2014-10-10,575.9065
GOOG,2014-10-13,573.912
GOOG,2014-10-14,571.8115
GOOG,2014-10-15,569.0745
GOOG,2014-10-16,565.8365
GOOG,2014-10-17,561.591
GOOG,2014-10-20,558.2645
GOOG,2014-10-21,555.535
GOOG,2014-10-22,552.771
GOOG,2014-10-23,551.217
GOOG,2014-10-24,549.351
GOOG,2014-10-27,547.5715
GOOG,2014-10-28,546.1485
GOOG,2014-10-29,545.2015
GOOG,2014-10-30,544.213
GOOG,2014-10-31,543.403
GOOG,2014-11-03,542.2965
GOOG,2014-11-04,541.815
GOOG,2014-11-05,540.486
GOOG,2014-11-06,539.544
GOOG,2014-11-07,539.37
GOOG,2014-11-10,540.084
GOOG,2014-11-11,540.7015
GOOG,2014-11-12,541.5655
GOOG,2014-11-13,542.609
GOOG,2014-11-14,544.2705
GOOG,2014-11-17,545.054
GOOG,2014-11-18,545.4785
GOOG,2014-11-19,545.6925
GOOG,2014-11-20,545.235
GOOG,2014-11-21,545.121
GOOG,2014-11-24,545.046
GOOG,2014-11-25,544.655
GOOG,2014-11-26,544.207
GOOG,2014-11-28,543.783
GOOG,2014-12-01,542.519
GOOG,2014-12-02,541.4455
GOOG,2014-12-03,540.306
GOOG,2014-12-04,539.8755
GOOG,2014-12-05,539.0365
GOOG,2014-12-08,538.335
GOOG,2014-12-09,537.629
GOOG,2014-12-10,536.4175
GOOG,2014-12-11,535.469
GOOG,2014-12-12,534.133
GOOG,2014-12-15,532.603
GOOG,2014-12-16,530.547
GOOG,2014-12-17,529.04
GOOG,2014-12-18,527.7455
GOOG,2014-12-19,526.8215
GOOG,2014-12-22,526.19
GOOG,2014-12-23,525.756
GOOG,2014-12-24,525.1405
GOOG,2014-12-26,524.8235
GOOG,2014-12-29,524.2485
GOOG,2014-12-30,524.0795
GOOG,2014-12-31,523.712
GOOG,2015-01-02,523.3865
GOOG,2015-01-05,522.2145
GOOG,2015-01-06,521.0495
GOOG,2015-01-07,519.7555
GOOG,2015-01-08,518.221
GOOG,2015-01-09,516.7265
GOOG,2015-01-12,514.937
GOOG,2015-01-13,513.813
GOOG,2015-01-14,513.1665
GOOG,2015-01-15,513.4865
GOOG,2015-01-16,513.646
GOOG,2015-01-20,513.436
GOOG,2015-01-21,513.5205
GOOG,2015-01-22,513.9965
GOOG,2015-01-23,514.4645
GOOG,2015-01-26,514.7865
GOOG,2015-01-27,514.0165
GOOG,2015-01-28,513.0
GOOG,2015-01-29,512.012
GOOG,2015-01-30,512.418
GOOG,2015-02-02,512.6015
GOOG,2015-02-03,513.37
GOOG,2015-02-04,514.41
GOOG,2015-02-05,515.734
GOOG,2015-02-06,517.15
GOOG,2015-02-09,518.733
GOOG,2015-02-10,520.9525
GOOG,2015-02-11,522.942
GOOG,2015-02-12,525.045
GOOG,2015-02-13,527.406
GOOG,2015-02-17,529.144
GOOG,2015-02-18,530.784
GOOG,2015-02-19,532.0255
GOOG,2015-02-20,532.2535
GOOG,2015-02-23,531.8515
GOOG,2015-02-24,531.8955
GOOG,2015-02-25,533.1575
GOOG,2015-02-26,535.4315
GOOG,2015-02-27,537.8185
GOOG,2015-03-02,539.6595
GOOG,2015-03-03,541.9175
GOOG,2015-03-04,544.124
GOOG,2015-03-05,546.7525
GOOG,2015-03-06,548.7578
GOOG,2015-03-09,550.6503
GOOG,2015-03-10,552.0093
GOOG,2015-03-11,552.7213
GOOG,2015-03-12,553.6983
GOOG,2015-03-13,553.9178
GOOG,2015-03-16,554.1928
GOOG,2015-03-17,554.5928
GOOG,2015-03-18,555.5828
GOOG,2015-03-19,556.3388
GOOG,2015-03-20,557.4093
GOOG,2015-03-23,558.7543
GOOG,2015-03-24,560.4593
GOOG,2015-03-25,561.205
GOOG,2015-03-26,561.1895
GOOG,2015-03-27,560.6865
GOOG,2015-03-30,559.721
GOOG,2015-03-31,558.439
GOOG,2015-04-01,556.8985
GOOG,2015-04-02,554.9085
GOOG,2015-04-06,553.3625
GOOG,2015-04-07,551.771
GOOG,2015-04-08,551.101
GOOG,2015-04-09,550.581
GOOG,2015-04-10,549.806
GOOG,2015-04-13,549.3985
GOOG,2015-04-14,548.1925
GOOG,2015-04-15,547.277
GOOG,2015-04-16,545.992
GOOG,2015-04-17,544.295
GOOG,2015-04-20,543.046
GOOG,2015-04-21,541.804
GOOG,2015-04-22,540.2628
GOOG,2015-04-23,539.6735
GOOG,2015-04-24,540.168
GOOG,2015-04-27,540.5195
GOOG,2015-04-28,540.602
GOOG,2015-04-29,540.656
GOOG,2015-04-30,540.395
GOOG,2015-05-01,540.5135
GOOG,2015-05-04,540.7143
GOOG,2015-05-05,540.4033
GOOG,2015-05-06,539.5338
GOOG,2015-05-07,539.0298
GOOG,2015-05-08,538.9403
GOOG,2015-05-11,538.7668
GOOG,2015-05-12,538.6993
GOOG,2015-05-13,538.5538
GOOG,2015-05-14,538.7838
GOOG,2015-05-15,539.2738
GOOG,2015-05-18,539.1198
GOOG,2015-05-19,539.2893
GOOG,2015-05-20,539.2845
GOOG,2015-05-21,539.06
GOOG,2015-05-22,537.8125
GOOG,2015-05-26,536.66
GOOG,2015-05-27,535.9655
GOOG,2015-05-28,535.5005
GOOG,2015-05-29,535.239
GOOG,2015-06-01,535.0435
GOOG,2015-06-02,534.9635
GOOG,2015-06-03,535.439
GOOG,2015-06-04,536.063
GOOG,2015-06-05,536.1945
GOOG,2015-06-08,535.625
GOOG,2015-06-09,535.1745
GOOG,2015-06-10,535.557
GOOG,2015-06-11,535.8065
GOOG,2015-06-12,535.503
GOOG,2015-06-15,535.1705
GOOG,2015-06-16,534.963
GOOG,2015-06-17,534.558
GOOG,2015-06-18,534.431
GOOG,2015-06-19,534.14
GOOG,2015-06-22,534.044
GOOG,2015-06-23,534.452
GOOG,2015-06-24,534.3545
GOOG,2015-06-25,534.127
GOOG,2015-06-26,534.106
GOOG,2015-06-29,533.4825
GOOG,2015-06-30,532.549
GOOG,2015-07-01,531.6255
GOOG,2015-07-02,530.9605
GOOG,2015-07-06,530.437
GOOG,2015-07-07,530.3465
GOOG,2015-07-08,529.8535
GOOG,2015-07-09,529.053
GOOG,2015-07-10,528.829
GOOG,2015-07-13,529.54
GOOG,2015-07-14,531.235
GOOG,2015-07-15,532.8385
GOOG,2015-07-16,535.368
GOOG,2015-07-17,542.178
GOOG,2015-07-20,548.4945
GOOG,2015-07-21,554.7
GOOG,2015-07-22,560.781
GOOG,2015-07-23,566.103
GOOG,2015-07-24,570.5195
GOOG,2015-07-27,575.298
GOOG,2015-07-28,580.622
GOOG,2015-07-29,586.193
GOOG,2015-07-30,591.7305
GOOG,2015-07-31,596.841
GOOG,2015-08-03,602.2585
GOOG,2015-08-04,607.47
GOOG,2015-08-05,613.8175
GOOG,2015-08-06,619.9175
GOOG,2015-08-07,625.176
GOOG,2015-08-10,629.535
GOOG,2015-08-11,634.519
GOOG,2015-08-12,639.486
GOOG,2015-08-13,643.316
GOOG,2015-08-14,642.5255
GOOG,2015-08-17,642.418
GOOG,2015-08-18,642.1095
GOOG,2015-08-19,642.0495
GOOG,2015-08-20,642.177
GOOG,2015-08-21,641.623
GOOG,2015-08-24,639.7405
GOOG,2015-08-25,637.4435
GOOG,2015-08-26,637.278
GOOG,2015-08-27,637.529
GOOG,2015-08-28,637.7675
GOOG,2015-08-31,637.1195
GOOG,2015-09-01,635.5465
GOOG,2015-09-02,634.0745
GOOG,2015-09-03,632.253
GOOG,2015-09-04,630.523
GOOG,2015-09-08,629.5695
GOOG,2015-09-09,627.1665
GOOG,2015-09-10,625.256
GOOG,2015-09-11,623.722
GOOG,2015-09-14,622.028
GOOG,2015-09-15,620.7415
GOOG,2015-09-16,619.734
GOOG,2015-09-17,618.834
GOOG,2015-09-18,617.955
GOOG,2015-09-21,619.103
GOOG,2015-09-22,620.757
GOOG,2015-09-23,622.772
GOOG,2015-09-24,622.631
GOOG,2015-09-25,621.349
GOOG,2015-09-28,619.5745
GOOG,2015-09-29,618.4105
GOOG,2015-09-30,618.942
GOOG,2015-10-01,618.7895
GOOG,2015-10-02,619.8225
GOOG,2015-10-05,621.861
GOOG,2015-10-06,623.4
GOOG,2015-10-07,624.882
GOOG,2015-10-08,625.7725
GOOG,2015-10-09,626.6645
GOOG,2015-10-12,627.836
GOOG,2015-10-13,628.694
GOOG,2015-10-14,629.453
GOOG,2015-10-15,630.395
GOOG,2015-10-16,632.0425
GOOG,2015-10-19,633.5755
GOOG,2015-10-20,634.955
GOOG,2015-10-21,635.9675
GOOG,2015-10-22,637.267
GOOG,2015-10-23,641.7685
GOOG,2015-10-26,647.663
GOOG,2015-10-27,653.339
GOOG,2015-10-28,658.5655
GOOG,2015-10-29,663.847
GOOG,2015-10-30,668.042
GOOG,2015-11-02,672.024
GOOG,2015-11-03,675.86
GOOG,2015-11-04,680.1475
GOOG,2015-11-05,684.752
GOOG,2015-11-06,689.2595
GOOG,2015-11-09,693.1705
GOOG,2015-11-10,696.9715
GOOG,2015-11-11,701.1835
GOOG,2015-11-12,704.658
GOOG,2015-11-13,707.398
GOOG,2015-11-16,710.541
GOOG,2015-11-17,714.292
GOOG,2015-11-18,719.1615
GOOG,2015-11-19,723.4925
GOOG,2015-11-20,726.2225
GOOG,2015-11-23,728.3825
GOOG,2015-11-24,730.372
GOOG,2015-11-25,732.132
GOOG,2015-11-27,733.799
GOOG,2015-11-30,735.3885
GOOG,2015-12-01,737.685
GOOG,2015-12-02,739.696
GOOG,2015-12-03,740.9175
GOOG,2015-12-04,742.6955
GOOG,2015-12-07,744.17
GOOG,2015-12-08,746.044
GOOG,2015-12-09,747.2085
GOOG,2015-12-10,747.9115
GOOG,2015-12-11,748.2935
GOOG,2015-12-14,749.832
GOOG,2015-12-15,750.554
GOOG,2015-12-16,752.1935
GOOG,2015-12-17,752.665
GOOG,2015-12-18,752.71
GOOG,2015-12-21,752.2685
GOOG,2015-12-22,751.9695
GOOG,2015-12-23,752.071
GOOG,2015-12-24,752.0835
GOOG,2015-12-28,752.696
GOOG,2015-12-29,754.396
GOOG,2015-12-30,754.594
GOOG,2015-12-31,754.419
GOOG,2016-01-04,753.884
GOOG,2016-01-05,752.6725
GOOG,2016-01-06,751.691
GOOG,2016-01-07,749.892
GOOG,2016-01-08,748.035
GOOG,2016-01-11,746.3635
GOOG,2016-01-12,745.7235
GOOG,2016-01-13,743.363
GOOG,2016-01-14,741.929
GOOG,2016-01-15,738.747
GOOG,2016-01-19,736.365
GOOG,2016-01-20,734.322
GOOG,2016-01-21,732.263
GOOG,2016-01-22,731.0255
GOOG,2016-01-25,729.0935
GOOG,2016-01-26,727.3255
GOOG,2016-01-27,724.1995
GOOG,2016-01-28,721.9175
GOOG,2016-01-29,720.515
GOOG,2016-02-01,720.171
GOOG,2016-02-02,721.3115
GOOG,2016-02-03,720.53
GOOG,2016-02-04,718.7495
GOOG,2016-02-05,716.6085
GOOG,2016-02-08,715.022
GOOG,2016-02-09,713.126
GOOG,2016-02-10,711.0285
GOOG,2016-02-11,710.156
GOOG,2016-02-12,708.54
GOOG,2016-02-16,708.3675
GOOG,2016-02-17,708.698
GOOG,2016-02-18,708.643
GOOG,2016-02-19,708.359
GOOG,2016-02-22,707.4195
GOOG,2016-02-23,706.6285
GOOG,2016-02-24,705.9545
GOOG,2016-02-25,706.2425
GOOG,2016-02-26,704.948
GOOG,2016-02-29,702.689
GOOG,2016-03-01,701.0295
GOOG,2016-03-02,698.7395
GOOG,2016-03-03,698.013
GOOG,2016-03-04,698.157
GOOG,2016-03-07,698.7365
GOOG,2016-03-08,699.298
GOOG,2016-03-09,700.6545
GOOG,2016-03-10,702.0895
GOOG,2016-03-11,704.275
GOOG,2016-03-14,706.6795
GOOG,2016-03-15,708.546
GOOG,2016-03-16,709.9305
GOOG,2016-03-17,711.952
GOOG,2016-03-18,713.7865
GOOG,2016-03-21,715.568
GOOG,2016-03-22,717.813
GOOG,2016-03-23,719.738
GOOG,2016-03-24,721.2155
GOOG,2016-03-28,722.6385
GOOG,2016-03-29,724.9885
GOOG,2016-03-30,726.5745
GOOG,2016-03-31,727.8795
GOOG,2016-04-01,729.754
GOOG,2016-04-04,731.474
GOOG,2016-04-05,733.606
GOOG,2016-04-06,736.192
GOOG,2016-04-07,737.944
GOOG,2016-04-08,739.2605
GOOG,2016-04-11,739.7245
GOOG,2016-04-12,740.3545
GOOG,2016-04-13,741.524
GOOG,2016-04-14,742.3795
GOOG,2016-04-15,743.4405
GOOG,2016-04-18,744.891
GOOG,2016-04-19,745.483
GOOG,2016-04-20,746.079
GOOG,2016-04-21,747.133
GOOG,2016-04-22,746.3065
GOOG,2016-04-25,745.7875
GOOG,2016-04-26,743.956
GOOG,2016-04-27,741.7215
GOOG,2016-04-28,739.025
GOOG,2016-04-29,736.18
GOOG,2016-05-02,733.826
GOOG,2016-05-03,731.554
GOOG,2016-05-04,729.0545
GOOG,2016-05-05,727.112
GOOG,2016-05-06,725.7105
GOOG,2016-05-09,724.5505
GOOG,2016-05-10,723.555
GOOG,2016-05-11,721.7335
GOOG,2016-05-12,719.739
GOOG,2016-05-13,717.3305
GOOG,2016-05-16,714.8245
GOOG,2016-05-17,712.4395
GOOG,2016-05-18,710.1375
GOOG,2016-05-19,707.1965
GOOG,2016-05-20,706.745
GOOG,2016-05-23,705.7995
GOOG,2016-05-24,706.397
GOOG,2016-05-25,707.3685
GOOG,2016-05-26,709.0235
GOOG,2016-05-27,711.006
GOOG,2016-05-31,712.8815
GOOG,2016-06-01,714.971
GOOG,2016-06-02,716.706
GOOG,2016-06-03,717.7515
GOOG,2016-06-06,718.023
GOOG,2016-06-07,718.2105
GOOG,2016-06-08,718.4655
GOOG,2016-06-09,719.13
GOOG,2016-06-10,719.435
GOOG,2016-06-13,719.8115
GOOG,2016-06-14,719.9005
GOOG,2016-06-15,720.535
GOOG,2016-06-16,720.7215
GOOG,2016-06-17,720.2915
GOOG,2016-06-20,719.49
GOOG,2016-06-21,719.075
GOOG,2016-06-22,717.9435
GOOG,2016-06-23,716.7735
GOOG,2016-06-24,714.3285
GOOG,2016-06-27,711.1085
GOOG,2016-06-28,708.3245
GOOG,2016-06-29,705.8225
GOOG,2016-06-30,703.9075
GOOG,2016-07-01,702.751
GOOG,2016-07-05,701.648
GOOG,2016-07-06,700.704
GOOG,2016-07-07,699.058
GOOG,2016-07-08,697.9105
GOOG,2016-07-11,697.6945
GOOG,2016-07-12,697.8085
GOOG,2016-07-13,697.744
GOOG,2016-07-14,697.8455
GOOG,2016-07-15,698.32
GOOG,2016-07-18,700.423
GOOG,2016-07-19,702.5855
GOOG,2016-07-20,704.848
GOOG,2016-07-21,706.9065
GOOG,2016-07-22,708.95
GOOG,2016-07-25,712.1775
GOOG,2016-07-26,715.6855
GOOG,2016-07-27,718.772
GOOG,2016-07-28,721.862
GOOG,2016-07-29,725.6965
GOOG,2016-08-01,729.38
GOOG,2016-08-02,733.209
GOOG,2016-08-03,736.9795
GOOG,2016-08-04,740.792
GOOG,2016-08-05,744.6215
GOOG,2016-08-08,747.955
GOOG,2016-08-09,751.136
GOOG,2016-08-10,754.521
GOOG,2016-08-11,757.716
GOOG,2016-08-12,760.8845
GOOG,2016-08-15,763.3175
GOOG,2016-08-16,765.3265
GOOG,2016-08-17,767.2625
GOOG,2016-08-18,769.206
GOOG,2016-08-19,770.84
GOOG,2016-08-22,772.459
GOOG,2016-08-23,774.142
GOOG,2016-08-24,775.5355
GOOG,2016-08-25,776.7105
GOOG,2016-08-26,776.748
GOOG,2016-08-29,776.7115
GOOG,2016-08-30,776.6125
GOOG,2016-08-31,776.306
GOOG,2016-09-01,776.1645
GOOG,2016-09-02,775.6265
GOOG,2016-09-06,775.5425
GOOG,2016-09-07,775.347
GOOG,2016-09-08,774.879
GOOG,2016-09-09,773.6195
GOOG,2016-09-12,772.9095
GOOG,2016-09-13,771.772
GOOG,2016-09-14,771.0395
GOOG,2016-09-15,770.632
GOOG,2016-09-16,770.201
GOOG,2016-09-19,769.715
GOOG,2016-09-20,769.678
GOOG,2016-09-21,769.885
GOOG,2016-09-22,770.7635
GOOG,2016-09-23,771.638
GOOG,2016-09-26,771.8715
GOOG,2016-09-27,772.4145
GOOG,2016-09-28,773.038
GOOG,2016-09-29,773.436
GOOG,2016-09-30,773.8615
GOOG,2016-10-03,773.9165
GOOG,2016-10-04,773.734
GOOG,2016-10-05,773.54
GOOG,2016-10-06,773.617
GOOG,2016-10-07,774.388
GOOG,2016-10-10,775.234
GOOG,2016-10-11,776.403
GOOG,2016-10-12,777.5855
GOOG,2016-10-13,777.907
GOOG,2016-10-14,778.3895
GOOG,2016-10-17,779.1025
GOOG,2016-10-18,780.295
GOOG,2016-10-19,781.562
GOOG,2016-10-20,782.05
GOOG,2016-10-21,782.6735
GOOG,2016-10-24,784.6185
GOOG,2016-10-25,785.8515
GOOG,2016-10-26,786.727
GOOG,2016-10-27,787.744
GOOG,2016-10-28,788.648
GOOG,2016-10-31,789.247
GOOG,2016-11-01,789.606
GOOG,2016-11-02,789.2175
GOOG,2016-11-03,788.481
GOOG,2016-11-04,787.828
GOOG,2016-11-07,787.657
GOOG,2016-11-08,788.029
GOOG,2016-11-09,787.9875
GOOG,2016-11-10,787.206
GOOG,2016-11-11,785.9805
GOOG,2016-11-14,783.7865
GOOG,2016-11-15,781.948
GOOG,2016-11-16,780.094
GOOG,2016-11-17,778.807
GOOG,2016-11-18,776.8655
GOOG,2016-11-21,774.67
GOOG,2016-11-22,772.7
GOOG,2016-11-23,770.796
GOOG,2016-11-25,769.1125
GOOG,2016-11-28,767.756
GOOG,2016-11-29,767.071
GOOG,2016-11-30,765.7925
GOOG,2016-12-01,764.7535
GOOG,2016-12-02,764.172
GOOG,2016-12-05,764.197
GOOG,2016-12-06,763.0265
GOOG,2016-12-07,762.0605
GOOG,2016-12-08,761.616
GOOG,2016-12-09,762.9525
GOOG,2016-12-12,764.715
GOOG,2016-12-13,767.716
GOOG,2016-12-14,769.645
GOOG,2016-12-15,771.3135
GOOG,2016-12-16,772.292
GOOG,2016-12-19,773.975
GOOG,2016-12-20,775.336
GOOG,2016-12-21,776.6505
GOOG,2016-12-22,778.164
GOOG,2016-12-23,779.5755
GOOG,2016-12-27,780.741
GOOG,2016-12-28,781.4515
GOOG,2016-12-29,782.689
GOOG,2016-12-30,783.884
GOOG,2017-01-03,785.666
GOOG,2017-01-04,786.885
GOOG,2017-01-05,788.6305
GOOG,2017-01-06,790.3785
GOOG,2017-01-09,791.89
GOOG,2017-01-10,792.665
GOOG,2017-01-11,793.597
GOOG,2017-01-12,794.11
GOOG,2017-01-13,794.6505
GOOG,2017-01-17,794.9885
GOOG,2017-01-18,795.752
GOOG,2017-01-19,796.1508
GOOG,2017-01-20,796.5808
GOOG,2017-01-23,797.8183
GOOG,2017-01-24,799.4488
GOOG,2017-01-25,801.7368
GOOG,2017-01-26,803.7668
GOOG,2017-01-27,805.6798
GOOG,2017-01-30,806.6563
GOOG,2017-01-31,807.9048
GOOG,2017-02-01,808.3825
GOOG,2017-02-02,808.964
GOOG,2017-02-03,809.3375
GOOG,2017-02-06,809.097
GOOG,2017-02-07,809.113
GOOG,2017-02-08,809.2925
GOOG,2017-02-09,809.375
GOOG,2017-02-10,809.7405
GOOG,2017-02-13,810.3085
GOOG,2017-02-14,811.1005
GOOG,2017-02-15,811.746
GOOG,2017-02-16,812.8453
GOOG,2017-02-17,813.9978
GOOG,2017-02-21,814.6153
GOOG,2017-02-22,814.9598
GOOG,2017-02-23,814.7428
GOOG,2017-02-24,814.5673
GOOG,2017-02-27,814.8658
GOOG,2017-02-28,815.9103
GOOG,2017-03-01,817.8328
GOOG,2017-03-02,819.5795
GOOG,2017-03-03,821.107
GOOG,2017-03-06,822.4215
GOOG,2017-03-07,823.95
GOOG,2017-03-08,825.37
GOOG,2017-03-09,826.885
GOOG,2017-03-10,828.5695
GOOG,2017-03-13,830.163
GOOG,2017-03-14,831.482
GOOG,2017-03-15,832.8195
GOOG,2017-03-16,834.3095
GOOG,2017-03-17,835.7075
GOOG,2017-03-20,836.724
GOOG,2017-03-21,836.664
GOOG,2017-03-22,836.6055
GOOG,2017-03-23,835.918
GOOG,2017-03-24,835.2075
GOOG,2017-03-27,834.719
GOOG,2017-03-28,834.6045
GOOG,2017-03-29,834.413
GOOG,2017-03-30,834.4565
GOOG,2017-03-31,834.4805
GOOG,2017-04-03,835.019
GOOG,2017-04-04,835.152
GOOG,2017-04-05,834.954
GOOG,2017-04-06,834.414
GOOG,2017-04-07,833.485
GOOG,2017-04-10,832.4445
GOOG,2017-04-11,831.331
GOOG,2017-04-12,830.187
GOOG,2017-04-13,828.926
GOOG,2017-04-17,828.1785
GOOG,2017-04-18,827.5995
GOOG,2017-04-19,827.987
GOOG,2017-04-20,828.59
GOOG,2017-04-21,829.8705
GOOG,2017-04-24,832.287
GOOG,2017-04-25,834.9265
GOOG,2017-04-26,837.467
GOOG,2017-04-27,839.609
GOOG,2017-04-28,843.332
GOOG,2017-05-01,847.4825
GOOG,2017-05-02,851.377
GOOG,2017-05-03,856.0005
GOOG,2017-05-04,861.013
GOOG,2017-05-05,865.9755
GOOG,2017-05-08,871.457
GOOG,2017-05-09,876.829
GOOG,2017-05-10,882.1005
GOOG,2017-05-11,887.4145
GOOG,2017-05-12,892.8475
GOOG,2017-05-15,897.843
GOOG,2017-05-16,903.152
GOOG,2017-05-17,907.2225
GOOG,2017-05-18,911.652
GOOG,2017-05-19,916.193
GOOG,2017-05-22,920.148
GOOG,2017-05-23,923.974
GOOG,2017-05-24,928.1355
GOOG,2017-05-25,932.9
GOOG,2017-05-26,936.1755
GOOG,2017-05-30,939.341
GOOG,2017-05-31,941.762
GOOG,2017-06-01,943.7575
GOOG,2017-06-02,945.9545
GOOG,2017-06-05,948.782
GOOG,2017-06-06,950.8955
GOOG,2017-06-07,953.334
GOOG,2017-06-08,956.0655
GOOG,2017-06-09,957.027
GOOG,2017-06-12,957.561
GOOG,2017-06-13,958.377
GOOG,2017-06-14,958.765
GOOG,2017-06-15,959.8995
GOOG,2017-06-16,960.3765
GOOG,2017-06-19,961.5445
GOOG,2017-06-20,961.983
GOOG,2017-06-21,962.5145
GOOG,2017-06-22,962.621
GOOG,2017-06-23,962.4235
GOOG,2017-06-26,961.4635
GOOG,2017-06-27,959.036
GOOG,2017-06-28,957.8175
GOOG,2017-06-29,955.3595
GOOG,2017-06-30,952.016
GOOG,2017-07-03,947.767
GOOG,2017-07-05,944.524
GOOG,2017-07-06,940.8115
GOOG,2017-07-07,937.5705
GOOG,2017-07-10,936.519
GOOG,2017-07-11,935.8785
GOOG,2017-07-12,935.4
GOOG,2017-07-13,935.22
GOOG,2017-07-14,935.904
GOOG,2017-07-17,936.586
GOOG,2017-07-18,936.9875
GOOG,2017-07-19,938.0005
GOOG,2017-07-20,938.4355
GOOG,2017-07-21,939.227
GOOG,2017-07-24,939.9645
GOOG,2017-07-25,939.886
GOOG,2017-07-26,940.9095
GOOG,2017-07-27,940.5895
GOOG,2017-07-28,941.7765
GOOG,2017-07-31,942.865
GOOG,2017-08-01,944.4715
GOOG,2017-08-02,945.4055
GOOG,2017-08-03,946.2535
GOOG,2017-08-04,946.722
GOOG,2017-08-07,946.75
GOOG,2017-08-08,946.585
GOOG,2017-08-09,945.5385
GOOG,2017-08-10,943.5425
GOOG,2017-08-11,941.4625
GOOG,2017-08-14,939.925
GOOG,2017-08-15,937.766
GOOG,2017-08-16,935.5695
GOOG,2017-08-17,932.711
GOOG,2017-08-18,929.5985
GOOG,2017-08-21,925.9145
GOOG,2017-08-22,924.614
GOOG,2017-08-23,923.574
GOOG,2017-08-24,922.9335
GOOG,2017-08-25,921.6515
GOOG,2017-08-28,920.817
GOOG,2017-08-29,920.34
GOOG,2017-08-30,920.299
GOOG,2017-08-31,921.083
GOOG,2017-09-01,921.552
GOOG,2017-09-05,921.5065
GOOG,2017-09-06,921.5575
GOOG,2017-09-07,922.21
GOOG,2017-09-08,923.173
GOOG,2017-09-11,923.9075
GOOG,2017-09-12,924.3775
GOOG,2017-09-13,925.021
GOOG,2017-09-14,924.9285
GOOG,2017-09-15,925.394
GOOG,2017-09-18,925.6105
GOOG,2017-09-19,926.368
GOOG,2017-09-20,926.7125
GOOG,2017-09-21,926.985
GOOG,2017-09-22,927.3475
GOOG,2017-09-25,927.6015
GOOG,2017-09-26,928.154
GOOG,2017-09-27,929.314
GOOG,2017-09-28,930.3105
GOOG,2017-09-29,931.2995
GOOG,2017-10-02,932.096
GOOG,2017-10-03,933.563
GOOG,2017-10-04,934.7565
GOOG,2017-10-05,936.457
GOOG,2017-10-06,939.0765
GOOG,2017-10-09,941.4725
GOOG,2017-10-10,943.499
GOOG,2017-10-11,946.207
GOOG,2017-10-12,949.343
GOOG,2017-10-13,952.8125
GOOG,2017-10-16,956.6625
GOOG,2017-10-17,960.181
GOOG,2017-10-18,963.2425
GOOG,2017-10-19,965.8425
GOOG,2017-10-20,968.826
GOOG,2017-10-23,971.2
GOOG,2017-10-24,973.484
GOOG,2017-10-25,974.926
GOOG,2017-10-26,976.079
GOOG,2017-10-27,979.087
GOOG,2017-10-30,982.279
GOOG,2017-10-31,985.2215
GOOG,2017-11-01,988.9125
GOOG,2017-11-02,991.6935
GOOG,2017-11-03,994.373
GOOG,2017-11-06,996.818
GOOG,2017-11-07,999.8545
GOOG,2017-11-08,1002.3845
GOOG,2017-11-09,1004.556
GOOG,2017-11-10,1006.4755
GOOG,2017-11-13,1008.163
GOOG,2017-11-14,1009.854
GOOG,2017-11-15,1011.259
GOOG,2017-11-16,1013.6615
GOOG,2017-11-17,1015.206
GOOG,2017-11-20,1017.7025
GOOG,2017-11-21,1020.9
GOOG,2017-11-22,1024.0315
GOOG,2017-11-24,1027.434
GOOG,2017-11-27,1029.181
GOOG,2017-11-28,1030.696
GOOG,2017-11-29,1030.947
GOOG,2017-11-30,1030.7425
GOOG,2017-12-01,1029.972
GOOG,2017-12-04,1028.282
GOOG,2017-12-05,1027.2445
GOOG,2017-12-06,1026.497
GOOG,2017-12-07,1026.051
GOOG,2017-12-08,1026.3405
GOOG,2017-12-11,1026.992
GOOG,2017-12-12,1027.7285
GOOG,2017-12-13,1028.459
GOOG,2017-12-14,1029.871
GOOG,2017-12-15,1031.4555
GOOG,2017-12-18,1034.358
GOOG,2017-12-19,1036.973
GOOG,2017-12-20,1038.496
GOOG,2017-12-21,1039.8795
GOOG,2017-12-22,1040.855
GOOG,2017-12-26,1040.9815
GOOG,2017-12-27,1041.0795
GOOG,2017-12-28,1042.4035
GOOG,2017-12-29,1043.653
GOOG,2018-01-02,1046.3945
GOOG,2018-01-03,1050.5845
GOOG,2018-01-04,1054.647
GOOG,2018-01-05,1058.8395
GOOG,2018-01-08,1062.64
GOOG,2018-01-09,1066.1005
GOOG,2018-01-10,1069.176
GOOG,2018-01-11,1072.428
GOOG,2018-01-12,1076.5105
GOOG,2018-01-16,1080.141
GOOG,2018-01-17,1083.5305
GOOG,2018-01-18,1086.163
GOOG,2018-01-19,1089.5045
GOOG,2018-01-22,1094.0475
GOOG,2018-01-23,1099.3645
GOOG,2018-01-24,1104.5705
GOOG,2018-01-25,1110.252
GOOG,2018-01-26,1116.5755
GOOG,2018-01-29,1122.9475
GOOG,2018-01-30,1128.812
GOOG,2018-01-31,1134.059
GOOG,2018-02-01,1138.32
GOOG,2018-02-02,1139.595
GOOG,2018-02-05,1137.2735
GOOG,2018-02-06,1135.9565
GOOG,2018-02-07,1133.0725
GOOG,2018-02-08,1128.018
GOOG,2018-02-09,1124.631
GOOG,2018-02-12,1121.115
GOOG,2018-02-13,1117.632
GOOG,2018-02-14,1114.518
GOOG,2018-02-15,1112.5045
GOOG,2018-02-16,1110.369
GOOG,2018-02-20,1107.7015
GOOG,2018-02-21,1104.77
GOOG,2018-02-22,1101.8895
GOOG,2018-02-23,1099.7105
GOOG,2018-02-26,1098.106
GOOG,2018-02-27,1095.2415
GOOG,2018-02-28,1092.2935
GOOG,2018-03-01,1087.2725
GOOG,2018-03-02,1082.8335
GOOG,2018-03-05,1081.785
GOOG,2018-03-06,1083.748
GOOG,2018-03-07,1085.2
GOOG,2018-03-08,1089.071
GOOG,2018-03-09,1096.997
GOOG,2018-03-12,1103.333
GOOG,2018-03-13,1107.6445
GOOG,2018-03-14,1112.514
GOOG,2018-03-15,1116.508
GOOG,2018-03-16,1118.8185
GOOG,2018-03-19,1119.0695
GOOG,2018-03-20,1118.832
GOOG,2018-03-21,1117.809
GOOG,2018-03-22,1114.9315
GOOG,2018-03-23,1109.6705
GOOG,2018-03-26,1105.1435
GOOG,2018-03-27,1099.484
GOOG,2018-03-28,1094.4755
GOOG,2018-03-29,1092.589
GOOG,2018-04-02,1088.9665
GOOG,2018-04-03,1085.0905
GOOG,2018-04-04,1081.5945
GOOG,2018-04-05,1077.503
GOOG,2018-04-06,1071.555
GOOG,2018-04-09,1064.3255
GOOG,2018-04-10,1057.6825
GOOG,2018-04-11,1051.7725
GOOG,2018-04-12,1045.9235
GOOG,2018-04-13,1039.908
GOOG,2018-04-16,1035.0205
GOOG,2018-04-17,1033.7375
GOOG,2018-04-18,1032.456
GOOG,2018-04-19,1032.297
GOOG,2018-04-20,1033.491
GOOG,2018-04-23,1035.785
GOOG,2018-04-24,1034.1235
GOOG,2018-04-25,1034.9275
GOOG,2018-04-26,1036.7015
GOOG,2018-04-27,1036.6145
GOOG,2018-04-30,1037.1575
GOOG,2018-05-01,1038.3525
GOOG,2018-05-02,1038.3145
GOOG,2018-05-03,1038.11
GOOG,2018-05-04,1040.1685
GOOG,2018-05-07,1042.1355
GOOG,2018-05-08,1043.249
GOOG,2018-05-09,1046.3885
GOOG,2018-05-10,1049.6415
GOOG,2018-05-11,1053.091
GOOG,2018-05-14,1056.202
GOOG,2018-05-15,1056.4555
GOOG,2018-05-16,1056.94
GOOG,2018-05-17,1056.4845
GOOG,2018-05-18,1056.1545
GOOG,2018-05-21,1056.761
GOOG,2018-05-22,1059.2485
GOOG,2018-05-23,1062.174
GOOG,2018-05-24,1064.134
GOOG,2018-05-25,1066.4145
GOOG,2018-05-29,1068.564
GOOG,2018-05-30,1070.0885
GOOG,2018-05-31,1073.119
GOOG,2018-06-01,1077.908
GOOG,2018-06-04,1082.462
GOOG,2018-06-05,1086.7055
GOOG,2018-06-06,1090.854
GOOG,2018-06-07,1092.909
GOOG,2018-06-08,1094.074
GOOG,2018-06-11,1095.6605
GOOG,2018-06-12,1097.6165
GOOG,2018-06-13,1100.3945
GOOG,2018-06-14,1103.912
GOOG,2018-06-15,1107.5955
GOOG,2018-06-18,1112.9505
GOOG,2018-06-19,1117.3745
GOOG,2018-06-20,1122.38
GOOG,2018-06-21,1126.2785
GOOG,2018-06-22,1130.0905
GOOG,2018-06-25,1132.548
GOOG,2018-06-26,1135.455
GOOG,2018-06-27,1137.264
GOOG,2018-06-28,1138.7255
GOOG,2018-06-29,1138.533
GOOG,2018-07-02,1137.9415
GOOG,2018-07-03,1136.103
GOOG,2018-07-05,1135.4725
GOOG,2018-07-06,1136.288
GOOG,2018-07-09,1137.947
GOOG,2018-07-10,1139.0895
GOOG,2018-07-11,1139.8185
GOOG,2018-07-12,1142.253
GOOG,2018-07-13,1144.088
GOOG,2018-07-16,1145.668
GOOG,2018-07-17,1146.935
GOOG,2018-07-18,1148.326
GOOG,2018-07-19,1149.182
GOOG,2018-07-20,1150.5445
GOOG,2018-07-23,1153.0455
GOOG,2018-07-24,1159.209
GOOG,2018-07-25,1166.471
GOOG,2018-07-26,1174.6885
GOOG,2018-07-27,1180.9025
GOOG,2018-07-30,1186.107
GOOG,2018-07-31,1190.597
GOOG,2018-08-01,1196.453
GOOG,2018-08-02,1201.547
GOOG,2018-08-03,1205.724
GOOG,2018-08-06,1209.26
GOOG,2018-08-07,1213.729
GOOG,2018-08-08,1218.3145
GOOG,2018-08-09,1221.5955
GOOG,2018-08-10,1224.035
GOOG,2018-08-13,1226.5925
GOOG,2018-08-14,1228.7575
GOOG,2018-08-15,1229.6825
GOOG,2018-08-16,1230.659
GOOG,2018-08-17,1231.4615
GOOG,2018-08-20,1231.575
GOOG,2018-08-21,1229.252
GOOG,2018-08-22,1226.4335
GOOG,2018-08-23,1223.286
GOOG,2018-08-24,1222.3935
GOOG,2018-08-27,1223.4975
GOOG,2018-08-28,1224.192
GOOG,2018-08-29,1225.6565
GOOG,2018-08-30,1226.305
GOOG,2018-08-31,1226.029
GOOG,2018-09-04,1224.6405
GOOG,2018-09-05,1221.8535
GOOG,2018-09-06,1218.145
GOOG,2018-09-07,1213.9315
GOOG,2018-09-10,1210.283
GOOG,2018-09-11,1207.4005
GOOG,2018-09-12,1203.4365
GOOG,2018-09-13,1201.484
GOOG,2018-09-14,1199.786
GOOG,2018-09-17,1197.5405
GOOG,2018-09-18,1195.213
GOOG,2018-09-19,1193.6865
GOOG,2018-09-20,1192.6635
GOOG,2018-09-21,1190.699
GOOG,2018-09-24,1188.335
GOOG,2018-09-25,1185.4765
GOOG,2018-09-26,1182.9435
GOOG,2018-09-27,1180.2105
GOOG,2018-09-28,1177.928
GOOG,2018-10-01,1176.784
GOOG,2018-10-02,1176.9395
GOOG,2018-10-03,1177.763
GOOG,2018-10-04,1177.6005
GOOG,2018-10-05,1177.2265
GOOG,2018-10-08,1176.443
GOOG,2018-10-09,1174.516
GOOG,2018-10-10,1170.436
GOOG,2018-10-11,1165.6355
GOOG,2018-10-12,1162.513
GOOG,2018-10-15,1159.323
GOOG,2018-10-16,1157.326
GOOG,2018-10-17,1154.556
GOOG,2018-10-18,1149.611
GOOG,2018-10-19,1146.1295
GOOG,2018-10-22,1142.519
GOOG,2018-10-23,1138.471
GOOG,2018-10-24,1131.982
GOOG,2018-10-25,1127.0285
GOOG,2018-10-26,1120.9285
GOOG,2018-10-29,1112.167
GOOG,2018-10-30,1103.972
GOOG,2018-10-31,1097.663
GOOG,2018-11-01,1092.7535
GOOG,2018-11-02,1087.7755
GOOG,2018-11-05,1082.3315
GOOG,2018-11-06,1078.181
GOOG,2018-11-07,1078.7895
GOOG,2018-11-08,1078.9435
GOOG,2018-11-09,1076.747
GOOG,2018-11-12,1074.066
GOOG,2018-11-13,1069.8045
GOOG,2018-11-14,1066.203
GOOG,2018-11-15,1065.04
GOOG,2018-11-16,1063.2915
GOOG,2018-11-19,1059.2335
GOOG,2018-11-20,1055.337
GOOG,2018-11-21,1054.682
GOOG,2018-11-23,1051.0975
GOOG,2018-11-26,1049.955
GOOG,2018-11-27,1051.1715
GOOG,2018-11-28,1053.6725
GOOG,2018-11-29,1054.249
GOOG,2018-11-30,1055.4705
GOOG,2018-12-03,1057.9025
GOOG,2018-12-04,1058.439
GOOG,2018-12-06,1059.085
GOOG,2018-12-07,1056.2445
GOOG,2018-12-10,1054.102
GOOG,2018-12-11,1053.382
GOOG,2018-12-12,1054.6345
GOOG,2018-12-13,1055.927
GOOG,2018-12-14,1055.849
GOOG,2018-12-17,1053.44
GOOG,2018-12-18,1051.801
GOOG,2018-12-19,1051.9515
GOOG,2018-12-20,1051.134
GOOG,2018-12-21,1048.2305
GOOG,2018-12-24,1045.8475
GOOG,2018-12-26,1045.3895
GOOG,2018-12-27,1045.363
GOOG,2018-12-28,1042.9055
GOOG,2018-12-31,1040.271
GOOG,2019-01-02,1037.842
GOOG,2019-01-03,1033.3235
GOOG,2019-01-04,1034.318
GOOG,2019-01-07,1034.301
GOOG,2019-01-08,1036.286
GOOG,2019-01-09,1038.0415
GOOG,2019-01-10,1038.9705
GOOG,2019-01-11,1038.646
GOOG,2019-01-14,1037.7855
GOOG,2019-01-15,1039.538
GOOG,2019-01-16,1042.76
GOOG,2019-01-17,1045.8195
GOOG,2019-01-18,1049.582
GOOG,2019-01-22,1052.6375
GOOG,2019-01-23,1057.439
GOOG,2019-01-24,1062.323
GOOG,2019-01-25,1064.8995
GOOG,2019-01-28,1066.2095
GOOG,2019-01-29,1067.3865
GOOG,2019-01-30,1070.059
GOOG,2019-01-31,1073.585
GOOG,2019-02-01,1078.3195
GOOG,2019-02-04,1081.424
GOOG,2019-02-05,1085.304
GOOG,2019-02-06,1087.2515
GOOG,2019-02-07,1088.454
GOOG,2019-02-08,1089.6905
GOOG,2019-02-11,1091.5815
GOOG,2019-02-12,1095.4155
GOOG,2019-02-13,1097.566
GOOG,2019-02-14,1099.601
GOOG,2019-02-15,1100.7885
GOOG,2019-02-19,1101.8035
GOOG,2019-02-20,1103.9675
GOOG,2019-02-21,1105.0375
GOOG,2019-02-22,1106.861
GOOG,2019-02-25,1107.7815
GOOG,2019-02-26,1110.034
GOOG,2019-02-27,1112.8055
GOOG,2019-02-28,1114.3485
GOOG,2019-03-01,1115.5795
GOOG,2019-03-04,1117.432
GOOG,2019-03-05,1118.8935
GOOG,2019-03-06,1119.487
GOOG,2019-03-07,1120.8905
GOOG,2019-03-08,1123.071
GOOG,2019-03-11,1127.106
GOOG,2019-03-12,1132.0155
GOOG,2019-03-13,1135.613
GOOG,2019-03-14,1138.8825
GOOG,2019-03-15,1142.022
GOOG,2019-03-18,1145.5525
GOOG,2019-03-19,1149.567
GOOG,2019-03-20,1155.0755
GOOG,2019-03-21,1161.804
GOOG,2019-03-22,1166.5605
GOOG,2019-03-25,1170.7405
GOOG,2019-03-26,1174.215
GOOG,2019-03-27,1177.0635
GOOG,2019-03-28,1179.492
GOOG,2019-03-29,1181.108
GOOG,2019-04-01,1183.4395
GOOG,2019-04-02,1185.3625
GOOG,2019-04-03,1187.7655
GOOG,2019-04-04,1191.3505
GOOG,2019-04-05,1194.592
GOOG,2019-04-08,1195.996
GOOG,2019-04-09,1196.1985
GOOG,2019-04-10,1196.6405
GOOG,2019-04-11,1197.594
GOOG,2019-04-12,1199.2645
GOOG,2019-04-15,1201.1065
GOOG,2019-04-16,1202.5205
GOOG,2019-04-17,1203.139
GOOG,2019-04-18,1203.3805
GOOG,2019-04-22,1205.5475
GOOG,2019-04-23,1209.125
GOOG,2019-04-24,1212.694
GOOG,2019-04-25,1217.2155
GOOG,2019-04-26,1222.4
GOOG,2019-04-29,1228.1135
GOOG,2019-04-30,1227.816
GOOG,2019-05-01,1226.1955
GOOG,2019-05-02,1224.03
GOOG,2019-05-03,1222.55
GOOG,2019-05-06,1221.662
GOOG,2019-05-07,1220.175
GOOG,2019-05-08,1218.626
GOOG,2019-05-09,1216.637
GOOG,2019-05-10,1214.6195
GOOG,2019-05-13,1210.3275
GOOG,2019-05-14,1205.2945
GOOG,2019-05-15,1202.1485
GOOG,2019-05-16,1199.2805
GOOG,2019-05-17,1195.577
GOOG,2019-05-20,1190.0775
GOOG,2019-05-21,1184.3315
GOOG,2019-05-22,1179.1025
GOOG,2019-05-23,1172.9685
GOOG,2019-05-24,1166.033
GOOG,2019-05-28,1158.3615
GOOG,2019-05-29,1154.7605
GOOG,2019-05-30,1152.254
GOOG,2019-05-31,1149.305
GOOG,2019-06-03,1141.8465
GOOG,2019-06-04,1135.0295
GOOG,2019-06-05,1128.4355
GOOG,2019-06-06,1122.339
GOOG,2019-06-07,1117.522
GOOG,2019-06-10,1113.3275
GOOG,2019-06-11,1110.662
GOOG,2019-06-12,1108.4915
GOOG,2019-06-13,1104.7195
GOOG,2019-06-14,1100.038
GOOG,2019-06-17,1096.548
GOOG,2019-06-18,1094.7855
GOOG,2019-06-19,1092.4205
GOOG,2019-06-20,1090.4205
GOOG,2019-06-21,1089.476
GOOG,2019-06-24,1088.5785
GOOG,2019-06-25,1086.1885
GOOG,2019-06-26,1084.3555
GOOG,2019-06-27,1082.2585
GOOG,2019-06-28,1081.1225
GOOG,2019-07-01,1084.2085
GOOG,2019-07-02,1087.1185
GOOG,2019-07-03,1091.0865
GOOG,2019-07-05,1095.449
GOOG,2019-07-08,1097.9645
GOOG,2019-07-09,1100.187
GOOG,2019-07-10,1103.275
GOOG,2019-07-11,1106.634
GOOG,2019-07-12,1109.4405
GOOG,2019-07-15,1112.69
GOOG,2019-07-16,1115.744
GOOG,2019-07-17,1117.8815
GOOG,2019-07-18,1120.0815
GOOG,2019-07-19,1121.0155
GOOG,2019-07-22,1121.825
GOOG,2019-07-23,1123.3595
GOOG,2019-07-24,1125.9325
GOOG,2019-07-25,1128.5485
GOOG,2019-07-26,1137.2685
GOOG,2019-07-29,1145.1935
GOOG,2019-07-30,1151.553
GOOG,2019-07-31,1156.8245
GOOG,2019-08-01,1161.196
GOOG,2019-08-02,1164.316
GOOG,2019-08-05,1166.1145
GOOG,2019-08-06,1168.3705
GOOG,2019-08-07,1170.046
GOOG,2019-08-08,1173.0755
GOOG,2019-08-09,1175.231
GOOG,2019-08-12,1176.4495
GOOG,2019-08-13,1178.634
GOOG,2019-08-14,1179.531
GOOG,2019-08-15,1180.5775
GOOG,2019-08-16,1182.9525
GOOG,2019-08-19,1185.9715
GOOG,2019-08-20,1187.7955
GOOG,2019-08-21,1190.4675
GOOG,2019-08-22,1193.338
GOOG,2019-08-23,1188.382
GOOG,2019-08-26,1184.856
GOOG,2019-08-27,1181.991
GOOG,2019-08-28,1179.708
GOOG,2019-08-29,1178.9
GOOG,2019-08-30,1178.6055
GOOG,2019-09-03,1179.409
GOOG,2019-09-04,1179.982
GOOG,2019-09-05,1181.8515
GOOG,2019-09-06,1181.858
GOOG,2019-09-09,1182.678
GOOG,2019-09-10,1184.2425
GOOG,2019-09-11,1185.3875
GOOG,2019-09-12,1188.8855
GOOG,2019-09-13,1192.5005
GOOG,2019-09-16,1195.1855
GOOG,2019-09-17,1196.7205
GOOG,2019-09-18,1199.2065
GOOG,2019-09-19,1201.5795
GOOG,2019-09-20,1203.5995
GOOG,2019-09-23,1207.7365
GOOG,2019-09-24,1210.23
GOOG,2019-09-25,1214.164
GOOG,2019-09-26,1217.6825
GOOG,2019-09-27,1219.2945
GOOG,2019-09-30,1220.8395
GOOG,2019-10-01,1222.675
GOOG,2019-10-02,1222.436
GOOG,2019-10-03,1221.2585
GOOG,2019-10-04,1221.462
GOOG,2019-10-07,1221.6255
GOOG,2019-10-08,1220.782
GOOG,2019-10-09,1219.889
GOOG,2019-10-10,1218.61
GOOG,2019-10-11,1217.4045
GOOG,2019-10-14,1216.6965
GOOG,2019-10-15,1217.3895
GOOG,2019-10-16,1217.951
GOOG,2019-10-17,1218.669
GOOG,2019-10-18,1219.447
GOOG,2019-10-21,1220.053
GOOG,2019-10-22,1221.255
GOOG,2019-10-23,1221.8855
GOOG,2019-10-24,1222.8655
GOOG,2019-10-25,1224.8675
GOOG,2019-10-28,1228.4175
GOOG,2019-10-29,1231.2935
GOOG,2019-10-30,1235.5265
GOOG,2019-10-31,1239.1405
GOOG,2019-11-01,1242.3775
GOOG,2019-11-04,1246.562
GOOG,2019-11-05,1251.707
GOOG,2019-11-06,1256.1815
GOOG,2019-11-07,1261.191
GOOG,2019-11-08,1265.987
GOOG,2019-11-11,1270.0895
GOOG,2019-11-12,1272.879
GOOG,2019-11-13,1275.597
GOOG,2019-11-14,1278.5165
GOOG,2019-11-15,1282.9855
GOOG,2019-11-18,1286.713
GOOG,2019-11-19,1290.346
GOOG,2019-11-20,1292.542
GOOG,2019-11-21,1294.56
GOOG,2019-11-22,1296.0705
GOOG,2019-11-25,1296.905
GOOG,2019-11-26,1299.4515
GOOG,2019-11-27,1302.0365
GOOG,2019-11-29,1304.279
GOOG,2019-12-02,1305.088
GOOG,2019-12-03,1305.2835
GOOG,2019-12-04,1306.709
GOOG,2019-12-05,1308.5255
GOOG,2019-12-06,1310.1135
GOOG,2019-12-09,1311.723
GOOG,2019-12-10,1313.9965
GOOG,2019-12-11,1316.3075
GOOG,2019-12-12,1318.921
GOOG,2019-12-13,1320.7395
GOOG,2019-12-16,1322.0545
GOOG,2019-12-17,1323.7755
GOOG,2019-12-18,1325.6335
GOOG,2019-12-19,1328.283
GOOG,2019-12-20,1330.695
GOOG,2019-12-23,1333.37
GOOG,2019-12-24,1335.2135
GOOG,2019-12-26,1337.556
GOOG,2019-12-27,1339.501
GOOG,2019-12-30,1341.06
GOOG,2019-12-31,1343.415
GOOG,2020-01-02,1347.0195
GOOG,2020-01-03,1349.0255
GOOG,2020-01-06,1352.3295
GOOG,2020-01-07,1354.9655
GOOG,2020-01-08,1358.0035
GOOG,2020-01-09,1361.762
GOOG,2020-01-10,1365.9975
GOOG,2020-01-13,1370.4455
GOOG,2020-01-14,1374.598
GOOG,2020-01-15,1378.4995
GOOG,2020-01-16,1383.3285
GOOG,2020-01-17,1389.717
GOOG,2020-01-21,1396.135
GOOG,2020-01-22,1402.953
GOOG,2020-01-23,1409.8435
GOOG,2020-01-24,1416.001
GOOG,2020-01-27,1419.676
GOOG,2020-01-28,1424.7095
GOOG,2020-01-29,1430.834
GOOG,2020-01-30,1436.775
GOOG,2020-01-31,1440.118
GOOG,2020-02-03,1446.382
GOOG,2020-02-04,1449.025
GOOG,2020-02-05,1451.7695
GOOG,2020-02-06,1455.365
GOOG,2020-02-07,1458.335
GOOG,2020-02-10,1462.2825
GOOG,2020-02-11,1465.7605
GOOG,2020-02-12,1470.13
GOOG,2020-02-13,1473.903
GOOG,2020-02-14,1477.355
GOOG,2020-02-18,1479.319
GOOG,2020-02-19,1481.4335
GOOG,2020-02-20,1483.0435
GOOG,2020-02-21,1482.9665
GOOG,2020-02-24,1480.7105
GOOG,2020-02-25,1478.438
GOOG,2020-02-26,1475.469
GOOG,2020-02-27,1468.442
GOOG,2020-02-28,1462.6165
GOOG,2020-03-02,1460.3605
GOOG,2020-03-03,1453.133
GOOG,2020-03-04,1450.1055
GOOG,2020-03-05,1443.646
GOOG,2020-03-06,1434.755
GOOG,2020-03-09,1421.5715
GOOG,2020-03-10,1410.157
GOOG,2020-03-11,1395.488
GOOG,2020-03-12,1375.32
GOOG,2020-03-13,1360.5735
GOOG,2020-03-16,1338.753
GOOG,2020-03-17,1318.7595
GOOG,2020-03-18,1297.265
GOOG,2020-03-19,1277.122
GOOG,2020-03-20,1256.4825
GOOG,2020-03-23,1238.234
GOOG,2020-03-24,1225.5345
GOOG,2020-03-25,1211.0
GOOG,2020-03-26,1203.183
GOOG,2020-03-27,1191.752
GOOG,2020-03-30,1179.6375
GOOG,2020-03-31,1170.7085
GOOG,2020-04-01,1156.6635
GOOG,2020-04-02,1146.7535
GOOG,2020-04-03,1136.727
GOOG,2020-04-06,1135.295
GOOG,2020-04-07,1130.601
GOOG,2020-04-08,1130.3445
GOOG,2020-04-09,1135.1715
GOOG,2020-04-13,1135.063
GOOG,2020-04-14,1144.308
GOOG,2020-04-15,1151.4415
GOOG,2020-04-16,1159.775
GOOG,2020-04-17,1168.173
GOOG,2020-04-20,1177.8875
GOOG,2020-04-21,1185.8735
GOOG,2020-04-22,1192.311
GOOG,2020-04-23,1201.002
GOOG,2020-04-24,1206.88
GOOG,2020-04-27,1215.1385
GOOG,2020-04-28,1219.481
GOOG,2020-04-29,1228.4145
GOOG,2020-04-30,1240.5665
GOOG,2020-05-01,1250.555
GOOG,2020-05-04,1262.001
GOOG,2020-05-05,1270.2105
GOOG,2020-05-06,1278.25
GOOG,2020-05-07,1286.364
GOOG,2020-05-08,1295.21
GOOG,2020-05-11,1304.495
GOOG,2020-05-12,1309.8205
GOOG,2020-05-13,1314.1635
GOOG,2020-05-14,1318.7965
GOOG,2020-05-15,1323.2935
GOOG,2020-05-18,1329.16
GOOG,2020-05-19,1337.017
GOOG,2020-05-20,1344.1925
GOOG,2020-05-21,1350.517
GOOG,2020-05-22,1357.0725
GOOG,2020-05-26,1364.1295
GOOG,2020-05-27,1373.338
GOOG,2020-05-28,1377.1005
GOOG,2020-05-29,1381.1135
GOOG,2020-06-01,1386.674
GOOG,2020-06-02,1392.295
GOOG,2020-06-03,1396.5585
GOOG,2020-06-04,1399.8025
GOOG,2020-06-05,1403.094
GOOG,2020-06-08,1406.006
GOOG,2020-06-09,1408.651
GOOG,2020-06-10,1413.1565
GOOG,2020-06-11,1415.882
GOOG,2020-06-12,1418.7345
GOOG,2020-06-15,1421.0675
GOOG,2020-06-16,1424.0065
GOOG,2020-06-17,1427.8885
GOOG,2020-06-18,1429.3505
GOOG,2020-06-19,1430.7965
GOOG,2020-06-22,1432.8685
GOOG,2020-06-23,1435.238
GOOG,2020-06-24,1435.9445
GOOG,2020-06-25,1437.1745
GOOG,2020-06-26,1433.7235
GOOG,2020-06-29,1431.881
GOOG,2020-06-30,1430.6005
GOOG,2020-07-01,1430.6835
GOOG,2020-07-02,1433.3095
GOOG,2020-07-06,1436.175
GOOG,2020-07-07,1438.1035
GOOG,2020-07-08,1440.0955
GOOG,2020-07-09,1442.3525
GOOG,2020-07-10,1449.2475
GOOG,2020-07-13,1454.1555
GOOG,2020-07-14,1459.192
GOOG,2020-07-15,1462.738
GOOG,2020-07-16,1466.082
GOOG,2020-07-17,1470.0615
GOOG,2020-07-20,1476.7615
GOOG,2020-07-21,1482.0895
GOOG,2020-07-22,1487.2935
GOOG,2020-07-23,1491.479
GOOG,2020-07-24,1495.006
GOOG,2020-07-27,1503.521
GOOG,2020-07-28,1508.7895
GOOG,2020-07-29,1514.21
GOOG,2020-07-30,1518.8805
GOOG,2020-07-31,1519.7935
GOOG,2020-08-03,1518.731
GOOG,2020-08-04,1517.7205
GOOG,2020-08-05,1516.601
GOOG,2020-08-06,1516.0565
GOOG,2020-08-07,1513.694
GOOG,2020-08-10,1512.932
GOOG,2020-08-11,1510.919
GOOG,2020-08-12,1510.568
GOOG,2020-08-13,1510.5905
GOOG,2020-08-14,1510.1995
GOOG,2020-08-17,1507.8125
GOOG,2020-08-18,1507.8215
GOOG,2020-08-19,1506.7735
GOOG,2020-08-20,1510.077
GOOG,2020-08-21,1513.5045
GOOG,2020-08-24,1516.4045
GOOG,2020-08-25,1521.7985
GOOG,2020-08-26,1528.3165
GOOG,2020-08-27,1533.4605
GOOG,2020-08-28,1541.533
GOOG,2020-08-31,1549.5195
GOOG,2020-09-01,1559.3065
GOOG,2020-09-02,1572.04
GOOG,2020-09-03,1579.127
GOOG,2020-09-04,1583.9545
GOOG,2020-09-08,1585.769
GOOG,2020-09-09,1589.601
GOOG,2020-09-10,1590.871
GOOG,2020-09-11,1590.9845
GOOG,2020-09-14,1591.562
GOOG,2020-09-15,1592.735
GOOG,2020-09-16,1590.85
GOOG,2020-09-17,1588.25
GOOG,2020-09-18,1582.162
GOOG,2020-09-21,1574.699
GOOG,2020-09-22,1568.562
GOOG,2020-09-23,1558.9115
GOOG,2020-09-24,1547.707
GOOG,2020-09-25,1538.2385
GOOG,2020-09-28,1529.244
GOOG,2020-09-29,1521.0015
GOOG,2020-09-30,1511.446
GOOG,2020-10-01,1499.5365
GOOG,2020-10-02,1490.3655
GOOG,2020-10-05,1485.1145
GOOG,2020-10-06,1481.167
GOOG,2020-10-07,1476.3335
GOOG,2020-10-08,1474.029
GOOG,2020-10-09,1473.754
GOOG,2020-10-12,1476.2475
GOOG,2020-10-13,1477.7595
GOOG,2020-10-14,1480.1185
GOOG,2020-10-15,1483.2985
GOOG,2020-10-16,1488.9495
GOOG,2020-10-19,1494.122
GOOG,2020-10-20,1498.6455
GOOG,2020-10-21,1507.5505
GOOG,2020-10-22,1516.9025
GOOG,2020-10-23,1526.7045
GOOG,2020-10-26,1533.001
GOOG,2020-10-27,1539.7475
GOOG,2020-10-28,1542.0985
GOOG,2020-10-29,1545.956
GOOG,2020-10-30,1554.0855
GOOG,2020-11-02,1561.086
GOOG,2020-11-03,1570.9245
GOOG,2020-11-04,1585.3665
