SYMB,DATE,EMA
ABBV,2013-01-30,25.9489
ABBV,2013-01-31,26.0324
ABBV,2013-02-01,26.142
ABBV,2013-02-04,26.2481
ABBV,2013-02-05,26.3386
ABBV,2013-02-06,26.4162
ABBV,2013-02-07,26.4364
ABBV,2013-02-08,26.4428
ABBV,2013-02-11,26.4207
ABBV,2013-02-12,26.3708
ABBV,2013-02-13,26.3152
ABBV,2013-02-14,26.3554
ABBV,2013-02-15,26.4621
ABBV,2013-02-19,26.6011
ABBV,2013-02-20,26.7561
ABBV,2013-02-21,26.9082
ABBV,2013-02-22,27.0235
ABBV,2013-02-25,27.052
ABBV,2013-02-26,27.0582
ABBV,2013-02-27,27.0388
ABBV,2013-02-28,27.0345
ABBV,2013-03-01,27.0925
ABBV,2013-03-04,27.175
ABBV,2013-03-05,27.1987
ABBV,2013-03-06,27.2363
ABBV,2013-03-07,27.2528
ABBV,2013-03-08,27.2573
ABBV,2013-03-11,27.2844
ABBV,2013-03-12,27.2741
ABBV,2013-03-13,27.2647
ABBV,2013-03-14,27.2834
ABBV,2013-03-15,27.3658
ABBV,2013-03-18,27.4167
ABBV,2013-03-19,27.4766
ABBV,2013-03-20,27.5796
ABBV,2013-03-21,27.6331
ABBV,2013-03-22,27.7149
ABBV,2013-03-25,27.8133
ABBV,2013-03-26,27.9643
ABBV,2013-03-27,28.0967
ABBV,2013-03-28,28.2604
ABBV,2013-04-01,28.4321
ABBV,2013-04-02,28.559
ABBV,2013-04-03,28.664
ABBV,2013-04-04,28.8308
ABBV,2013-04-05,28.9615
ABBV,2013-04-08,29.1117
ABBV,2013-04-09,29.302
ABBV,2013-04-10,29.5486
ABBV,2013-04-11,29.7704
ABBV,2013-04-12,29.9633
ABBV,2013-04-15,30.0219
ABBV,2013-04-16,30.1459
ABBV,2013-04-17,30.2433
ABBV,2013-04-18,30.3371
ABBV,2013-04-19,30.4268
ABBV,2013-04-22,30.6352
ABBV,2013-04-23,30.8898
ABBV,2013-04-24,31.0626
ABBV,2013-04-25,31.2132
ABBV,2013-04-26,31.462
ABBV,2013-04-29,31.6442
ABBV,2013-04-30,31.8667
ABBV,2013-05-01,32.0328
ABBV,2013-05-02,32.0735
ABBV,2013-05-03,32.1588
ABBV,2013-05-06,32.2297
ABBV,2013-05-07,32.3163
ABBV,2013-05-08,32.2948
ABBV,2013-05-09,32.3281
ABBV,2013-05-10,32.4124
ABBV,2013-05-13,32.4556
ABBV,2013-05-14,32.5516
ABBV,2013-05-15,32.6862
ABBV,2013-05-16,32.8207
ABBV,2013-05-17,33.0099
ABBV,2013-05-20,33.117
ABBV,2013-05-21,33.2337
ABBV,2013-05-22,33.3547
ABBV,2013-05-23,33.4522
ABBV,2013-05-24,33.4596
ABBV,2013-05-28,33.4628
ABBV,2013-05-29,33.3596
ABBV,2013-05-30,33.3133
ABBV,2013-05-31,33.1406
ABBV,2013-06-03,33.0316
ABBV,2013-06-04,32.9518
ABBV,2013-06-05,32.8382
ABBV,2013-06-06,32.7678
ABBV,2013-06-07,32.7392
ABBV,2013-06-10,32.7077
ABBV,2013-06-11,32.656
ABBV,2013-06-12,32.5516
ABBV,2013-06-13,32.4839
ABBV,2013-06-14,32.4268
ABBV,2013-06-17,32.3611
ABBV,2013-06-18,32.3389
ABBV,2013-06-19,32.2837
ABBV,2013-06-20,32.0946
ABBV,2013-06-21,32.0331
ABBV,2013-06-24,31.9262
ABBV,2013-06-25,31.8815
ABBV,2013-06-26,31.8937
ABBV,2013-06-27,31.8872
ABBV,2013-06-28,31.7555
ABBV,2013-07-01,31.6554
ABBV,2013-07-02,31.6069
ABBV,2013-07-03,31.5645
ABBV,2013-07-05,31.5605
ABBV,2013-07-08,31.6244
ABBV,2013-07-09,31.6569
ABBV,2013-07-10,31.7278
ABBV,2013-07-11,31.8109
ABBV,2013-07-12,31.9761
ABBV,2013-07-15,32.0952
ABBV,2013-07-16,32.1454
ABBV,2013-07-17,32.2015
ABBV,2013-07-18,32.2778
ABBV,2013-07-19,32.361
ABBV,2013-07-22,32.4682
ABBV,2013-07-23,32.5183
ABBV,2013-07-24,32.5162
ABBV,2013-07-25,32.5568
ABBV,2013-07-26,32.6326
ABBV,2013-07-29,32.7203
ABBV,2013-07-30,32.7741
ABBV,2013-07-31,32.8781
ABBV,2013-08-01,32.9559
ABBV,2013-08-02,33.0313
ABBV,2013-08-05,33.0562
ABBV,2013-08-06,33.0908
ABBV,2013-08-07,33.1001
ABBV,2013-08-08,33.1433
ABBV,2013-08-09,33.1575
ABBV,2013-08-12,33.1938
ABBV,2013-08-13,33.2188
ABBV,2013-08-14,33.2167
ABBV,2013-08-15,33.1175
ABBV,2013-08-16,33.013
ABBV,2013-08-19,32.9446
ABBV,2013-08-20,32.8543
ABBV,2013-08-21,32.7259
ABBV,2013-08-22,32.653
ABBV,2013-08-23,32.6231
ABBV,2013-08-26,32.5975
ABBV,2013-08-27,32.5162
ABBV,2013-08-28,32.4377
ABBV,2013-08-29,32.371
ABBV,2013-08-30,32.3098
ABBV,2013-09-03,32.2531
ABBV,2013-09-04,32.2401
ABBV,2013-09-05,32.2552
ABBV,2013-09-06,32.2959
ABBV,2013-09-09,32.371
ABBV,2013-09-10,32.4637
ABBV,2013-09-11,32.5597
ABBV,2013-09-12,32.6288
ABBV,2013-09-13,32.7048
ABBV,2013-09-16,32.8395
ABBV,2013-09-17,33.0877
ABBV,2013-09-18,33.3349
ABBV,2013-09-19,33.5216
ABBV,2013-09-20,33.7218
ABBV,2013-09-23,33.8504
ABBV,2013-09-24,33.8874
ABBV,2013-09-25,33.8747
ABBV,2013-09-26,33.8399
ABBV,2013-09-27,33.7608
ABBV,2013-09-30,33.7177
ABBV,2013-10-01,33.7545
ABBV,2013-10-02,33.7985
ABBV,2013-10-03,33.8425
ABBV,2013-10-04,33.9384
ABBV,2013-10-07,33.9748
ABBV,2013-10-08,33.8963
ABBV,2013-10-09,33.846
ABBV,2013-10-10,33.8904
ABBV,2013-10-11,33.9285
ABBV,2013-10-14,34.0116
ABBV,2013-10-15,34.069
ABBV,2013-10-16,34.1909
ABBV,2013-10-17,34.3807
ABBV,2013-10-18,34.5638
ABBV,2013-10-21,34.7309
ABBV,2013-10-22,34.9286
ABBV,2013-10-23,35.0596
ABBV,2013-10-24,35.1494
ABBV,2013-10-25,35.3287
ABBV,2013-10-28,35.4996
ABBV,2013-10-29,35.6806
ABBV,2013-10-30,35.7735
ABBV,2013-10-31,35.8326
ABBV,2013-11-01,35.9225
ABBV,2013-11-04,35.9896
ABBV,2013-11-05,36.008
ABBV,2013-11-06,36.0161
ABBV,2013-11-07,35.9655
ABBV,2013-11-08,35.9763
ABBV,2013-11-11,36.0246
ABBV,2013-11-12,35.9904
ABBV,2013-11-13,35.9858
ABBV,2013-11-14,35.9954
ABBV,2013-11-15,36.0326
ABBV,2013-11-18,36.097
ABBV,2013-11-19,36.126
ABBV,2013-11-20,36.1157
ABBV,2013-11-21,36.1508
ABBV,2013-11-22,36.209
ABBV,2013-11-25,36.2237
ABBV,2013-11-26,36.2506
ABBV,2013-11-27,36.2499
ABBV,2013-11-29,36.2636
ABBV,2013-12-02,36.2717
ABBV,2013-12-03,36.3921
ABBV,2013-12-04,36.4795
ABBV,2013-12-05,36.565
ABBV,2013-12-06,36.7562
ABBV,2013-12-09,36.9191
ABBV,2013-12-10,37.1331
ABBV,2013-12-11,37.3645
ABBV,2013-12-12,37.5539
ABBV,2013-12-13,37.7239
ABBV,2013-12-16,37.9492
ABBV,2013-12-17,38.1716
ABBV,2013-12-18,38.4222
ABBV,2013-12-19,38.528
ABBV,2013-12-20,38.6209
ABBV,2013-12-23,38.7043
ABBV,2013-12-24,38.7639
ABBV,2013-12-26,38.863
ABBV,2013-12-27,38.9211
ABBV,2013-12-30,39.0066
ABBV,2013-12-31,39.0697
ABBV,2014-01-02,39.0674
ABBV,2014-01-03,39.0882
ABBV,2014-01-06,38.9703
ABBV,2014-01-07,38.8709
ABBV,2014-01-08,38.7716
ABBV,2014-01-09,38.7433
ABBV,2014-01-10,38.6948
ABBV,2014-01-13,38.603
ABBV,2014-01-14,38.5754
ABBV,2014-01-15,38.5152
ABBV,2014-01-16,38.4888
ABBV,2014-01-17,38.4332
ABBV,2014-01-21,38.3785
ABBV,2014-01-22,38.2628
ABBV,2014-01-23,38.1429
ABBV,2014-01-24,37.9565
ABBV,2014-01-27,37.7187
ABBV,2014-01-28,37.5655
ABBV,2014-01-29,37.4211
ABBV,2014-01-30,37.341
ABBV,2014-01-31,37.3349
ABBV,2014-02-03,37.1937
ABBV,2014-02-04,37.1093
ABBV,2014-02-05,37.017
ABBV,2014-02-06,36.948
ABBV,2014-02-07,36.9548
ABBV,2014-02-10,37.0085
ABBV,2014-02-11,37.065
ABBV,2014-02-12,37.1811
ABBV,2014-02-13,37.2709
ABBV,2014-02-14,37.3796
ABBV,2014-02-18,37.5306
ABBV,2014-02-19,37.6477
ABBV,2014-02-20,37.802
ABBV,2014-02-21,37.8825
ABBV,2014-02-24,37.9416
ABBV,2014-02-25,37.9857
ABBV,2014-02-26,38.027
ABBV,2014-02-27,38.0767
ABBV,2014-02-28,38.1216
ABBV,2014-03-03,38.1032
ABBV,2014-03-04,38.1946
ABBV,2014-03-05,38.2853
ABBV,2014-03-06,38.3918
ABBV,2014-03-07,38.4464
ABBV,2014-03-10,38.5102
ABBV,2014-03-11,38.5745
ABBV,2014-03-12,38.6246
ABBV,2014-03-13,38.6469
ABBV,2014-03-14,38.6592
ABBV,2014-03-17,38.7258
ABBV,2014-03-18,38.8669
ABBV,2014-03-19,38.9952
ABBV,2014-03-20,39.1524
ABBV,2014-03-21,39.2788
ABBV,2014-03-24,39.2417
ABBV,2014-03-25,39.2319
ABBV,2014-03-26,39.2094
ABBV,2014-03-27,39.2005
ABBV,2014-03-28,39.1435
ABBV,2014-03-31,39.1221
ABBV,2014-04-01,39.1533
ABBV,2014-04-02,39.271
ABBV,2014-04-03,39.3889
ABBV,2014-04-04,39.4019
ABBV,2014-04-07,39.2997
ABBV,2014-04-08,39.0977
ABBV,2014-04-09,39.0252
ABBV,2014-04-10,38.7231
ABBV,2014-04-11,38.4158
ABBV,2014-04-14,38.1648
ABBV,2014-04-15,38.0126
ABBV,2014-04-16,37.8938
ABBV,2014-04-17,37.8176
ABBV,2014-04-21,37.8127
ABBV,2014-04-22,37.8505
ABBV,2014-04-23,37.8941
ABBV,2014-04-24,37.8739
ABBV,2014-04-25,37.8426
ABBV,2014-04-28,37.9401
ABBV,2014-04-29,38.0647
ABBV,2014-04-30,38.2291
ABBV,2014-05-01,38.3436
ABBV,2014-05-02,38.416
ABBV,2014-05-05,38.4945
ABBV,2014-05-06,38.5329
ABBV,2014-05-07,38.7043
ABBV,2014-05-08,38.8129
ABBV,2014-05-09,38.9192
ABBV,2014-05-12,39.0233
ABBV,2014-05-13,39.1051
ABBV,2014-05-14,39.2279
ABBV,2014-05-15,39.3259
ABBV,2014-05-16,39.4321
ABBV,2014-05-19,39.614
ABBV,2014-05-20,39.737
ABBV,2014-05-21,39.8288
ABBV,2014-05-22,39.9379
ABBV,2014-05-23,40.06
ABBV,2014-05-27,40.1734
ABBV,2014-05-28,40.2817
ABBV,2014-05-29,40.3769
ABBV,2014-05-30,40.4848
ABBV,2014-06-02,40.5693
ABBV,2014-06-03,40.6618
ABBV,2014-06-04,40.7608
ABBV,2014-06-05,40.9027
ABBV,2014-06-06,41.0166
ABBV,2014-06-09,41.0279
ABBV,2014-06-10,41.0477
ABBV,2014-06-11,41.0844
ABBV,2014-06-12,41.0762
ABBV,2014-06-13,41.1051
ABBV,2014-06-16,41.1197
ABBV,2014-06-17,41.1547
ABBV,2014-06-18,41.206
ABBV,2014-06-19,41.2247
ABBV,2014-06-20,41.177
ABBV,2014-06-23,41.1665
ABBV,2014-06-24,41.1453
ABBV,2014-06-25,41.2288
ABBV,2014-06-26,41.4142
ABBV,2014-06-27,41.6024
ABBV,2014-06-30,41.7471
ABBV,2014-07-01,41.9108
ABBV,2014-07-02,42.1477
ABBV,2014-07-03,42.37
ABBV,2014-07-07,42.5115
ABBV,2014-07-08,42.5151
ABBV,2014-07-09,42.4688
ABBV,2014-07-10,42.4837
ABBV,2014-07-11,42.4674
ABBV,2014-07-14,42.4446
ABBV,2014-07-15,42.3205
ABBV,2014-07-16,42.2237
ABBV,2014-07-17,42.1265
ABBV,2014-07-18,42.1405
ABBV,2014-07-21,42.0865
ABBV,2014-07-22,42.0413
ABBV,2014-07-23,42.0319
ABBV,2014-07-24,41.9941
ABBV,2014-07-25,41.8939
ABBV,2014-07-28,41.8442
ABBV,2014-07-29,41.7766
ABBV,2014-07-30,41.7389
ABBV,2014-07-31,41.6014
ABBV,2014-08-01,41.4873
ABBV,2014-08-04,41.4434
ABBV,2014-08-05,41.367
ABBV,2014-08-06,41.2437
ABBV,2014-08-07,41.16
ABBV,2014-08-08,41.1128
ABBV,2014-08-11,41.106
ABBV,2014-08-12,41.0655
ABBV,2014-08-13,41.0845
ABBV,2014-08-14,41.145
ABBV,2014-08-15,41.1784
ABBV,2014-08-18,41.2387
ABBV,2014-08-19,41.3652
ABBV,2014-08-20,41.4627
ABBV,2014-08-21,41.5436
ABBV,2014-08-22,41.6344
ABBV,2014-08-25,41.7657
ABBV,2014-08-26,41.8757
ABBV,2014-08-27,41.9715
ABBV,2014-08-28,42.0509
ABBV,2014-08-29,42.0992
ABBV,2014-09-02,42.1276
ABBV,2014-09-03,42.1855
ABBV,2014-09-04,42.2401
ABBV,2014-09-05,42.3188
ABBV,2014-09-08,42.3629
ABBV,2014-09-09,42.504
ABBV,2014-09-10,42.6492
ABBV,2014-09-11,42.829
ABBV,2014-09-12,42.9939
ABBV,2014-09-15,43.1468
ABBV,2014-09-16,43.3342
ABBV,2014-09-17,43.5785
ABBV,2014-09-18,43.7871
ABBV,2014-09-19,43.9473
ABBV,2014-09-22,44.0665
ABBV,2014-09-23,44.0901
ABBV,2014-09-24,44.2206
ABBV,2014-09-25,44.2618
ABBV,2014-09-26,44.3863
ABBV,2014-09-29,44.4498
ABBV,2014-09-30,44.4515
ABBV,2014-10-01,44.4142
ABBV,2014-10-02,44.3394
ABBV,2014-10-03,44.4198
ABBV,2014-10-06,44.428
ABBV,2014-10-07,44.3505
ABBV,2014-10-08,44.4042
ABBV,2014-10-09,44.334
ABBV,2014-10-10,44.173
ABBV,2014-10-13,43.9275
ABBV,2014-10-14,43.7432
ABBV,2014-10-15,43.6133
ABBV,2014-10-16,43.368
ABBV,2014-10-17,43.1807
ABBV,2014-10-20,43.0882
ABBV,2014-10-21,43.1433
ABBV,2014-10-22,43.2383
ABBV,2014-10-23,43.5178
ABBV,2014-10-24,43.8276
ABBV,2014-10-27,44.1226
ABBV,2014-10-28,44.422
ABBV,2014-10-29,44.6228
ABBV,2014-10-30,44.8931
ABBV,2014-10-31,45.306
ABBV,2014-11-03,45.6642
ABBV,2014-11-04,45.9446
ABBV,2014-11-05,46.1895
ABBV,2014-11-06,46.4236
ABBV,2014-11-07,46.546
ABBV,2014-11-10,46.826
ABBV,2014-11-11,47.0837
ABBV,2014-11-12,47.3102
ABBV,2014-11-13,47.5055
ABBV,2014-11-14,47.7096
ABBV,2014-11-17,47.9711
ABBV,2014-11-18,48.2823
ABBV,2014-11-19,48.5232
ABBV,2014-11-20,48.7183
ABBV,2014-11-21,49.0551
ABBV,2014-11-24,49.3909
ABBV,2014-11-25,49.7154
ABBV,2014-11-26,50.0562
ABBV,2014-11-28,50.4016
ABBV,2014-12-01,50.7074
ABBV,2014-12-02,50.9959
ABBV,2014-12-03,51.2
ABBV,2014-12-04,51.4637
ABBV,2014-12-05,51.7127
ABBV,2014-12-08,51.9165
ABBV,2014-12-09,52.0803
ABBV,2014-12-10,52.1132
ABBV,2014-12-11,52.1023
ABBV,2014-12-12,51.9624
ABBV,2014-12-15,51.8617
ABBV,2014-12-16,51.7433
ABBV,2014-12-17,51.7336
ABBV,2014-12-18,51.8246
ABBV,2014-12-19,51.8915
ABBV,2014-12-22,51.8973
ABBV,2014-12-23,51.7089
ABBV,2014-12-24,51.676
ABBV,2014-12-26,51.703
ABBV,2014-12-29,51.7393
ABBV,2014-12-30,51.7101
ABBV,2014-12-31,51.6201
ABBV,2015-01-02,51.572
ABBV,2015-01-05,51.4368
ABBV,2015-01-06,51.2909
ABBV,2015-01-07,51.3509
ABBV,2015-01-08,51.4569
ABBV,2015-01-09,51.4162
ABBV,2015-01-12,51.3779
ABBV,2015-01-13,51.2043
ABBV,2015-01-14,51.0703
ABBV,2015-01-15,50.8888
ABBV,2015-01-16,50.8474
ABBV,2015-01-20,50.7288
ABBV,2015-01-21,50.5657
ABBV,2015-01-22,50.4389
ABBV,2015-01-23,50.2833
ABBV,2015-01-26,50.1723
ABBV,2015-01-27,50.0919
ABBV,2015-01-28,49.9261
ABBV,2015-01-29,49.8707
ABBV,2015-01-30,49.6143
ABBV,2015-02-02,49.4084
ABBV,2015-02-03,49.2929
ABBV,2015-02-04,48.8354
ABBV,2015-02-05,48.5019
ABBV,2015-02-06,48.119
ABBV,2015-02-09,47.6669
ABBV,2015-02-10,47.3628
ABBV,2015-02-11,47.0728
ABBV,2015-02-12,46.8372
ABBV,2015-02-13,46.6985
ABBV,2015-02-17,46.6228
ABBV,2015-02-18,46.5931
ABBV,2015-02-19,46.5484
ABBV,2015-02-20,46.6792
ABBV,2015-02-23,46.7431
ABBV,2015-02-24,46.8233
ABBV,2015-02-25,46.8773
ABBV,2015-02-26,46.9186
ABBV,2015-02-27,46.9546
ABBV,2015-03-02,46.9841
ABBV,2015-03-03,46.9483
ABBV,2015-03-04,46.9643
ABBV,2015-03-05,46.7249
ABBV,2015-03-06,46.4174
ABBV,2015-03-09,46.1318
ABBV,2015-03-10,45.8957
ABBV,2015-03-11,45.7402
ABBV,2015-03-12,45.7023
ABBV,2015-03-13,45.6679
ABBV,2015-03-16,45.7202
ABBV,2015-03-17,45.813
ABBV,2015-03-18,45.9088
ABBV,2015-03-19,46.0923
ABBV,2015-03-20,46.1995
ABBV,2015-03-23,46.3024
ABBV,2015-03-24,46.3323
ABBV,2015-03-25,46.2543
ABBV,2015-03-26,46.113
ABBV,2015-03-27,46.0135
ABBV,2015-03-30,45.9674
ABBV,2015-03-31,45.948
ABBV,2015-04-01,45.8232
ABBV,2015-04-02,45.7037
ABBV,2015-04-06,45.6401
ABBV,2015-04-07,45.643
ABBV,2015-04-08,45.6746
ABBV,2015-04-09,45.8156
ABBV,2015-04-10,46.0683
ABBV,2015-04-13,46.2753
ABBV,2015-04-14,46.5016
ABBV,2015-04-15,46.7297
ABBV,2015-04-16,46.978
ABBV,2015-04-17,47.1802
ABBV,2015-04-20,47.457
ABBV,2015-04-21,47.7127
ABBV,2015-04-22,48.0123
ABBV,2015-04-23,48.2632
ABBV,2015-04-24,48.6268
ABBV,2015-04-27,48.8769
ABBV,2015-04-28,49.2136
ABBV,2015-04-29,49.4536
ABBV,2015-04-30,49.5979
ABBV,2015-05-01,49.703
ABBV,2015-05-04,49.8251
ABBV,2015-05-05,49.874
ABBV,2015-05-06,49.9243
ABBV,2015-05-07,50.0268
ABBV,2015-05-08,50.1601
ABBV,2015-05-11,50.2777
ABBV,2015-05-12,50.3549
ABBV,2015-05-13,50.4614
ABBV,2015-05-14,50.6081
ABBV,2015-05-15,50.7424
ABBV,2015-05-18,50.8353
ABBV,2015-05-19,50.9284
ABBV,2015-05-20,51.0246
ABBV,2015-05-21,51.0937
ABBV,2015-05-22,51.1434
ABBV,2015-05-26,51.2349
ABBV,2015-05-27,51.4138
ABBV,2015-05-28,51.5825
ABBV,2015-05-29,51.669
ABBV,2015-06-01,51.7727
ABBV,2015-06-02,51.8434
ABBV,2015-06-03,51.9365
ABBV,2015-06-04,52.0516
ABBV,2015-06-05,52.1542
ABBV,2015-06-08,52.2764
ABBV,2015-06-09,52.3779
ABBV,2015-06-10,52.5125
ABBV,2015-06-11,52.6193
ABBV,2015-06-12,52.6415
ABBV,2015-06-15,52.6512
ABBV,2015-06-16,52.6494
ABBV,2015-06-17,52.7229
ABBV,2015-06-18,52.8802
ABBV,2015-06-19,53.0601
ABBV,2015-06-22,53.2708
ABBV,2015-06-23,53.454
ABBV,2015-06-24,53.5597
ABBV,2015-06-25,53.7004
ABBV,2015-06-26,53.8757
ABBV,2015-06-29,53.7881
ABBV,2015-06-30,53.7096
ABBV,2015-07-01,53.7376
ABBV,2015-07-02,53.7405
ABBV,2015-07-06,53.7438
ABBV,2015-07-07,53.7724
ABBV,2015-07-08,53.7306
ABBV,2015-07-09,53.7161
ABBV,2015-07-10,53.7976
ABBV,2015-07-13,53.9352
ABBV,2015-07-14,54.077
ABBV,2015-07-15,54.2015
ABBV,2015-07-16,54.3324
ABBV,2015-07-17,54.4507
ABBV,2015-07-20,54.6191
ABBV,2015-07-21,54.7517
ABBV,2015-07-22,54.8733
ABBV,2015-07-23,54.9802
ABBV,2015-07-24,54.8924
ABBV,2015-07-27,54.9083
ABBV,2015-07-28,55.0656
ABBV,2015-07-29,55.1731
ABBV,2015-07-30,55.2243
ABBV,2015-07-31,55.2592
ABBV,2015-08-03,55.2696
ABBV,2015-08-04,55.2957
ABBV,2015-08-05,55.3458
ABBV,2015-08-06,55.3109
ABBV,2015-08-07,55.2325
ABBV,2015-08-10,55.2061
ABBV,2015-08-11,55.1097
ABBV,2015-08-12,55.0603
ABBV,2015-08-13,54.9997
ABBV,2015-08-14,54.9531
ABBV,2015-08-17,54.9655
ABBV,2015-08-18,54.9381
ABBV,2015-08-19,54.8929
ABBV,2015-08-20,54.7681
ABBV,2015-08-21,54.5356
ABBV,2015-08-24,54.1401
ABBV,2015-08-25,53.575
ABBV,2015-08-26,53.2475
ABBV,2015-08-27,53.0547
ABBV,2015-08-28,52.8403
ABBV,2015-08-31,52.5275
ABBV,2015-09-01,52.1001
ABBV,2015-09-02,51.7497
ABBV,2015-09-03,51.4781
ABBV,2015-09-04,51.0954
ABBV,2015-09-08,50.8097
ABBV,2015-09-09,50.4521
ABBV,2015-09-10,50.1528
ABBV,2015-09-11,49.8646
ABBV,2015-09-14,49.5728
ABBV,2015-09-15,49.3285
ABBV,2015-09-16,49.1309
ABBV,2015-09-17,48.9786
ABBV,2015-09-18,48.9436
ABBV,2015-09-21,48.7736
ABBV,2015-09-22,48.495
ABBV,2015-09-23,48.2194
ABBV,2015-09-24,47.9051
ABBV,2015-09-25,47.558
ABBV,2015-09-28,46.9989
ABBV,2015-09-29,46.5149
ABBV,2015-09-30,46.1996
ABBV,2015-10-01,45.9688
ABBV,2015-10-02,45.8121
ABBV,2015-10-05,45.7354
ABBV,2015-10-06,45.5449
ABBV,2015-10-07,45.4143
ABBV,2015-10-08,45.327
ABBV,2015-10-09,45.2178
ABBV,2015-10-12,45.1289
ABBV,2015-10-13,44.938
ABBV,2015-10-14,44.776
ABBV,2015-10-15,44.7974
ABBV,2015-10-16,44.8465
ABBV,2015-10-19,44.8626
ABBV,2015-10-20,44.7757
ABBV,2015-10-21,44.6208
ABBV,2015-10-22,44.0561
ABBV,2015-10-23,43.7033
ABBV,2015-10-26,43.5008
ABBV,2015-10-27,43.3718
ABBV,2015-10-28,43.3071
ABBV,2015-10-29,43.3126
ABBV,2015-10-30,43.7336
ABBV,2015-11-02,44.407
ABBV,2015-11-03,44.9437
ABBV,2015-11-04,45.5338
ABBV,2015-11-05,45.9891
ABBV,2015-11-06,46.5049
ABBV,2015-11-09,46.9029
ABBV,2015-11-10,47.1919
ABBV,2015-11-11,47.3435
ABBV,2015-11-12,47.4326
ABBV,2015-11-13,47.4849
ABBV,2015-11-16,47.5437
ABBV,2015-11-17,47.6252
ABBV,2015-11-18,47.7454
ABBV,2015-11-19,47.8207
ABBV,2015-11-20,47.9315
ABBV,2015-11-23,48.0348
ABBV,2015-11-24,48.1267
ABBV,2015-11-25,48.1458
ABBV,2015-11-27,48.1409
ABBV,2015-11-30,47.9952
ABBV,2015-12-01,47.9298
ABBV,2015-12-02,47.7714
ABBV,2015-12-03,47.506
ABBV,2015-12-04,47.3467
ABBV,2015-12-07,47.1332
ABBV,2015-12-08,46.9705
ABBV,2015-12-09,46.7745
ABBV,2015-12-10,46.578
ABBV,2015-12-11,46.2674
ABBV,2015-12-14,46.0933
ABBV,2015-12-15,46.0083
ABBV,2015-12-16,46.0261
ABBV,2015-12-17,45.9467
ABBV,2015-12-18,45.826
ABBV,2015-12-21,45.7519
ABBV,2015-12-22,45.7911
ABBV,2015-12-23,45.902
ABBV,2015-12-24,45.9932
ABBV,2015-12-28,46.0979
ABBV,2015-12-29,46.2461
ABBV,2015-12-30,46.4068
ABBV,2015-12-31,46.5095
ABBV,2016-01-04,46.478
ABBV,2016-01-05,46.4312
ABBV,2016-01-06,46.3896
ABBV,2016-01-07,46.3389
ABBV,2016-01-08,46.174
ABBV,2016-01-11,45.8897
ABBV,2016-01-12,45.7058
ABBV,2016-01-13,45.3034
ABBV,2016-01-14,45.2003
ABBV,2016-01-15,45.3216
ABBV,2016-01-19,45.25
ABBV,2016-01-20,45.3519
ABBV,2016-01-21,45.5375
ABBV,2016-01-22,45.7417
ABBV,2016-01-25,45.9126
ABBV,2016-01-26,46.0371
ABBV,2016-01-27,46.0609
ABBV,2016-01-28,45.9853
ABBV,2016-01-29,45.8435
ABBV,2016-02-01,45.6758
ABBV,2016-02-02,45.4902
ABBV,2016-02-03,45.5453
ABBV,2016-02-04,45.589
ABBV,2016-02-05,45.3475
ABBV,2016-02-08,45.1113
ABBV,2016-02-09,44.9431
ABBV,2016-02-10,44.7323
ABBV,2016-02-11,44.4999
ABBV,2016-02-12,44.3205
ABBV,2016-02-16,44.2299
ABBV,2016-02-17,44.2638
ABBV,2016-02-18,44.2589
ABBV,2016-02-19,44.2345
ABBV,2016-02-22,44.2888
ABBV,2016-02-23,44.3217
ABBV,2016-02-24,44.3375
ABBV,2016-02-25,44.453
ABBV,2016-02-26,44.5421
ABBV,2016-02-29,44.5153
ABBV,2016-03-01,44.6247
ABBV,2016-03-02,44.6742
ABBV,2016-03-03,44.7368
ABBV,2016-03-04,44.8104
ABBV,2016-03-07,44.8963
ABBV,2016-03-08,44.8906
ABBV,2016-03-09,44.9681
ABBV,2016-03-10,45.0258
ABBV,2016-03-11,45.1939
ABBV,2016-03-14,45.3057
ABBV,2016-03-15,45.2842
ABBV,2016-03-16,45.3181
ABBV,2016-03-17,45.2722
ABBV,2016-03-18,45.3272
ABBV,2016-03-21,45.3338
ABBV,2016-03-22,45.4547
ABBV,2016-03-23,45.4762
ABBV,2016-03-24,45.477
ABBV,2016-03-28,45.477
ABBV,2016-03-29,45.5496
ABBV,2016-03-30,45.6114
ABBV,2016-03-31,45.6766
ABBV,2016-04-01,45.7587
ABBV,2016-04-04,45.9712
ABBV,2016-04-05,46.1117
ABBV,2016-04-06,46.343
ABBV,2016-04-07,46.5068
ABBV,2016-04-08,46.5909
ABBV,2016-04-11,46.6693
ABBV,2016-04-12,46.8476
ABBV,2016-04-13,46.9888
ABBV,2016-04-14,47.1337
ABBV,2016-04-15,47.2827
ABBV,2016-04-18,47.4463
ABBV,2016-04-19,47.617
ABBV,2016-04-20,47.7956
ABBV,2016-04-21,48.0265
ABBV,2016-04-22,48.2394
ABBV,2016-04-25,48.3969
ABBV,2016-04-26,48.5362
ABBV,2016-04-27,48.6444
ABBV,2016-04-28,48.7813
ABBV,2016-04-29,48.8895
ABBV,2016-05-02,49.0217
ABBV,2016-05-03,49.167
ABBV,2016-05-04,49.2744
ABBV,2016-05-05,49.4401
ABBV,2016-05-06,49.6032
ABBV,2016-05-09,49.8436
ABBV,2016-05-10,50.0642
ABBV,2016-05-11,50.1827
ABBV,2016-05-12,50.2736
ABBV,2016-05-13,50.3176
ABBV,2016-05-16,50.3925
ABBV,2016-05-17,50.2889
ABBV,2016-05-18,50.2114
ABBV,2016-05-19,50.0494
ABBV,2016-05-20,49.9348
ABBV,2016-05-23,49.8006
ABBV,2016-05-24,49.7884
ABBV,2016-05-25,49.8178
ABBV,2016-05-26,49.8975
ABBV,2016-05-27,50.0327
ABBV,2016-05-31,50.1721
ABBV,2016-06-01,50.2905
ABBV,2016-06-02,50.5738
ABBV,2016-06-03,50.823
ABBV,2016-06-06,50.8786
ABBV,2016-06-07,50.9508
ABBV,2016-06-08,50.9093
ABBV,2016-06-09,50.7953
ABBV,2016-06-10,50.7118
ABBV,2016-06-13,50.5527
ABBV,2016-06-14,50.4065
ABBV,2016-06-15,50.3132
ABBV,2016-06-16,50.2677
ABBV,2016-06-17,50.1572
ABBV,2016-06-20,50.0651
ABBV,2016-06-21,49.9715
ABBV,2016-06-22,49.9188
ABBV,2016-06-23,49.9429
ABBV,2016-06-24,49.8516
ABBV,2016-06-27,49.6771
ABBV,2016-06-28,49.6213
ABBV,2016-06-29,49.7127
ABBV,2016-06-30,49.8031
ABBV,2016-07-01,49.9473
ABBV,2016-07-05,50.0162
ABBV,2016-07-06,50.1915
ABBV,2016-07-07,50.3548
ABBV,2016-07-08,50.5594
ABBV,2016-07-11,50.7594
ABBV,2016-07-12,51.0299
ABBV,2016-07-13,51.2622
ABBV,2016-07-14,51.382
ABBV,2016-07-15,51.4668
ABBV,2016-07-18,51.5623
ABBV,2016-07-19,51.6299
ABBV,2016-07-20,51.6982
ABBV,2016-07-21,51.7977
ABBV,2016-07-22,51.8814
ABBV,2016-07-25,51.9972
ABBV,2016-07-26,52.1122
ABBV,2016-07-27,52.2517
ABBV,2016-07-28,52.3637
ABBV,2016-07-29,52.5838
ABBV,2016-08-01,52.8387
ABBV,2016-08-02,53.0568
ABBV,2016-08-03,53.2376
ABBV,2016-08-04,53.3642
ABBV,2016-08-05,53.5133
ABBV,2016-08-08,53.6326
ABBV,2016-08-09,53.7735
ABBV,2016-08-10,53.875
ABBV,2016-08-11,54.0077
ABBV,2016-08-12,54.1467
ABBV,2016-08-15,54.2882
ABBV,2016-08-16,54.365
ABBV,2016-08-17,54.4417
ABBV,2016-08-18,54.5063
ABBV,2016-08-19,54.5907
ABBV,2016-08-22,54.66
ABBV,2016-08-23,54.6567
ABBV,2016-08-24,54.5664
ABBV,2016-08-25,54.4579
ABBV,2016-08-26,54.3512
ABBV,2016-08-29,54.2467
ABBV,2016-08-30,54.1247
ABBV,2016-08-31,54.0096
ABBV,2016-09-01,53.9
ABBV,2016-09-02,53.8078
ABBV,2016-09-06,53.763
ABBV,2016-09-07,53.7507
ABBV,2016-09-08,53.6681
ABBV,2016-09-09,53.5383
ABBV,2016-09-12,53.4775
ABBV,2016-09-13,53.3642
ABBV,2016-09-14,53.2618
ABBV,2016-09-15,53.1699
ABBV,2016-09-16,53.0805
ABBV,2016-09-19,52.9713
ABBV,2016-09-20,52.9015
ABBV,2016-09-21,52.9029
ABBV,2016-09-22,52.9812
ABBV,2016-09-23,53.0442
ABBV,2016-09-26,53.0296
ABBV,2016-09-27,53.0558
ABBV,2016-09-28,53.0519
ABBV,2016-09-29,52.9383
ABBV,2016-09-30,52.8552
ABBV,2016-10-03,52.7926
ABBV,2016-10-04,52.7179
ABBV,2016-10-05,52.6809
ABBV,2016-10-06,52.6035
ABBV,2016-10-07,52.5413
ABBV,2016-10-10,52.5148
ABBV,2016-10-11,52.4186
ABBV,2016-10-12,52.2836
ABBV,2016-10-13,52.1567
ABBV,2016-10-14,51.9641
ABBV,2016-10-17,51.7874
ABBV,2016-10-18,51.7395
ABBV,2016-10-19,51.6866
ABBV,2016-10-20,51.6649
ABBV,2016-10-21,51.5834
ABBV,2016-10-24,51.5208
ABBV,2016-10-25,51.4983
ABBV,2016-10-26,51.4358
ABBV,2016-10-27,51.4142
ABBV,2016-10-28,51.0884
ABBV,2016-10-31,50.6492
ABBV,2016-11-01,50.3049
ABBV,2016-11-02,50.0205
ABBV,2016-11-03,49.6917
ABBV,2016-11-04,49.4061
ABBV,2016-11-07,49.3755
ABBV,2016-11-08,49.3398
ABBV,2016-11-09,49.6115
ABBV,2016-11-10,49.9652
ABBV,2016-11-11,50.2138
ABBV,2016-11-14,50.4284
ABBV,2016-11-15,50.6147
ABBV,2016-11-16,50.6776
ABBV,2016-11-17,50.7473
ABBV,2016-11-18,50.7167
ABBV,2016-11-21,50.6811
ABBV,2016-11-22,50.5306
ABBV,2016-11-23,50.4936
ABBV,2016-11-25,50.4864
ABBV,2016-11-28,50.3965
ABBV,2016-11-29,50.4842
ABBV,2016-11-30,50.5009
ABBV,2016-12-01,50.3858
ABBV,2016-12-02,50.3032
ABBV,2016-12-05,50.3418
ABBV,2016-12-06,50.4371
ABBV,2016-12-07,50.394
ABBV,2016-12-08,50.4272
ABBV,2016-12-09,50.508
ABBV,2016-12-12,50.6208
ABBV,2016-12-13,50.7189
ABBV,2016-12-14,50.7823
ABBV,2016-12-15,50.8673
ABBV,2016-12-16,50.9602
ABBV,2016-12-19,51.0442
ABBV,2016-12-20,51.1155
ABBV,2016-12-21,51.1236
ABBV,2016-12-22,51.1476
ABBV,2016-12-23,51.2233
ABBV,2016-12-27,51.3045
ABBV,2016-12-28,51.3597
ABBV,2016-12-29,51.4461
ABBV,2016-12-30,51.5156
ABBV,2017-01-03,51.5618
ABBV,2017-01-04,51.6734
ABBV,2017-01-05,51.8125
ABBV,2017-01-06,51.9399
ABBV,2017-01-09,52.0886
ABBV,2017-01-10,52.2119
ABBV,2017-01-11,52.1418
ABBV,2017-01-12,52.0896
ABBV,2017-01-13,52.0993
ABBV,2017-01-17,52.0977
ABBV,2017-01-18,52.0801
ABBV,2017-01-19,52.0418
ABBV,2017-01-20,51.9887
ABBV,2017-01-23,51.9254
ABBV,2017-01-24,51.8377
ABBV,2017-01-25,51.8225
ABBV,2017-01-26,51.7999
ABBV,2017-01-27,51.6776
ABBV,2017-01-30,51.6014
ABBV,2017-01-31,51.5871
ABBV,2017-02-01,51.5564
ABBV,2017-02-02,51.5287
ABBV,2017-02-03,51.486
ABBV,2017-02-06,51.4457
ABBV,2017-02-07,51.4021
ABBV,2017-02-08,51.3594
ABBV,2017-02-09,51.3464
ABBV,2017-02-10,51.301
ABBV,2017-02-13,51.2671
ABBV,2017-02-14,51.2613
ABBV,2017-02-15,51.3226
ABBV,2017-02-16,51.3645
ABBV,2017-02-17,51.4256
ABBV,2017-02-21,51.4857
ABBV,2017-02-22,51.5024
ABBV,2017-02-23,51.564
ABBV,2017-02-24,51.6318
ABBV,2017-02-27,51.7035
ABBV,2017-02-28,51.738
ABBV,2017-03-01,51.8485
ABBV,2017-03-02,51.9822
ABBV,2017-03-03,52.1104
ABBV,2017-03-06,52.2432
ABBV,2017-03-07,52.3746
ABBV,2017-03-08,52.5295
ABBV,2017-03-09,52.6986
ABBV,2017-03-10,52.9622
ABBV,2017-03-13,53.1983
ABBV,2017-03-14,53.3975
ABBV,2017-03-15,53.6482
ABBV,2017-03-16,53.823
ABBV,2017-03-17,53.9643
ABBV,2017-03-20,54.101
ABBV,2017-03-21,54.1885
ABBV,2017-03-22,54.2814
ABBV,2017-03-23,54.3758
ABBV,2017-03-24,54.4588
ABBV,2017-03-27,54.5724
ABBV,2017-03-28,54.6656
ABBV,2017-03-29,54.7331
ABBV,2017-03-30,54.7692
ABBV,2017-03-31,54.7779
ABBV,2017-04-03,54.7753
ABBV,2017-04-04,54.7794
ABBV,2017-04-05,54.7711
ABBV,2017-04-06,54.7732
ABBV,2017-04-07,54.812
ABBV,2017-04-10,54.8013
ABBV,2017-04-11,54.7797
ABBV,2017-04-12,54.7755
ABBV,2017-04-13,54.7523
ABBV,2017-04-17,54.7458
ABBV,2017-04-18,54.6865
ABBV,2017-04-19,54.6167
ABBV,2017-04-20,54.5803
ABBV,2017-04-21,54.5505
ABBV,2017-04-24,54.5916
ABBV,2017-04-25,54.6645
ABBV,2017-04-26,54.7255
ABBV,2017-04-27,54.8641
ABBV,2017-04-28,54.979
ABBV,2017-05-01,55.1267
ABBV,2017-05-02,55.2725
ABBV,2017-05-03,55.4133
ABBV,2017-05-04,55.5804
ABBV,2017-05-05,55.7121
ABBV,2017-05-08,55.7681
ABBV,2017-05-09,55.8156
ABBV,2017-05-10,55.8431
ABBV,2017-05-11,55.8129
ABBV,2017-05-12,55.8472
ABBV,2017-05-15,55.9276
ABBV,2017-05-16,56.0149
ABBV,2017-05-17,55.9741
ABBV,2017-05-18,55.9582
ABBV,2017-05-19,55.9397
ABBV,2017-05-22,55.9117
ABBV,2017-05-23,55.9187
ABBV,2017-05-24,55.9324
ABBV,2017-05-25,55.9763
ABBV,2017-05-26,55.995
ABBV,2017-05-30,56.0087
ABBV,2017-05-31,56.0211
ABBV,2017-06-01,56.0882
ABBV,2017-06-02,56.1926
ABBV,2017-06-05,56.3081
ABBV,2017-06-06,56.4418
ABBV,2017-06-07,56.634
ABBV,2017-06-08,56.8087
ABBV,2017-06-09,57.0405
ABBV,2017-06-12,57.2389
ABBV,2017-06-13,57.4297
ABBV,2017-06-14,57.6712
ABBV,2017-06-15,57.8961
ABBV,2017-06-16,58.1361
ABBV,2017-06-19,58.3767
ABBV,2017-06-20,58.5847
ABBV,2017-06-21,58.7825
ABBV,2017-06-22,59.1106
ABBV,2017-06-23,59.3637
ABBV,2017-06-26,59.6007
ABBV,2017-06-27,59.7869
ABBV,2017-06-28,59.9982
ABBV,2017-06-29,60.1538
ABBV,2017-06-30,60.297
ABBV,2017-07-03,60.4193
ABBV,2017-07-05,60.5347
ABBV,2017-07-06,60.5785
ABBV,2017-07-07,60.6424
ABBV,2017-07-10,60.684
ABBV,2017-07-11,60.7224
ABBV,2017-07-12,60.8122
ABBV,2017-07-13,60.9548
ABBV,2017-07-14,61.123
ABBV,2017-07-17,61.2417
ABBV,2017-07-18,61.3107
ABBV,2017-07-19,61.4172
ABBV,2017-07-20,61.6149
ABBV,2017-07-21,61.8445
ABBV,2017-07-24,61.9933
ABBV,2017-07-25,62.0144
ABBV,2017-07-26,62.0392
ABBV,2017-07-27,61.9914
ABBV,2017-07-28,61.8428
ABBV,2017-07-31,61.6649
ABBV,2017-08-01,61.5425
ABBV,2017-08-02,61.4586
ABBV,2017-08-03,61.4056
ABBV,2017-08-04,61.3577
ABBV,2017-08-07,61.3331
ABBV,2017-08-08,61.3313
ABBV,2017-08-09,61.3746
ABBV,2017-08-10,61.2847
ABBV,2017-08-11,61.2188
ABBV,2017-08-14,61.1748
ABBV,2017-08-15,61.0957
ABBV,2017-08-16,61.0308
ABBV,2017-08-17,60.9254
ABBV,2017-08-18,60.839
ABBV,2017-08-21,60.8213
ABBV,2017-08-22,60.8912
ABBV,2017-08-23,60.9355
ABBV,2017-08-24,61.0239
ABBV,2017-08-25,61.134
ABBV,2017-08-28,61.3023
ABBV,2017-08-29,61.5012
ABBV,2017-08-30,61.6835
ABBV,2017-08-31,61.9613
ABBV,2017-09-01,62.2224
ABBV,2017-09-05,62.4447
ABBV,2017-09-06,62.7929
ABBV,2017-09-07,63.4945
ABBV,2017-09-08,64.4201
ABBV,2017-09-11,65.3931
ABBV,2017-09-12,66.3348
ABBV,2017-09-13,67.2456
ABBV,2017-09-14,68.131
ABBV,2017-09-15,68.7808
ABBV,2017-09-18,69.2013
ABBV,2017-09-19,69.6676
ABBV,2017-09-20,70.1744
ABBV,2017-09-21,70.6329
ABBV,2017-09-22,71.0535
ABBV,2017-09-25,71.3597
ABBV,2017-09-26,71.537
ABBV,2017-09-27,71.6484
ABBV,2017-09-28,72.0932
ABBV,2017-09-29,72.4875
ABBV,2017-10-02,72.9692
ABBV,2017-10-03,73.3487
ABBV,2017-10-04,73.7083
ABBV,2017-10-05,74.0566
ABBV,2017-10-06,74.3971
ABBV,2017-10-09,74.7288
ABBV,2017-10-10,75.0608
ABBV,2017-10-11,75.46
ABBV,2017-10-12,75.7951
ABBV,2017-10-13,76.0365
ABBV,2017-10-16,76.2854
ABBV,2017-10-17,76.6036
ABBV,2017-10-18,77.2099
ABBV,2017-10-19,77.7946
ABBV,2017-10-20,78.2924
ABBV,2017-10-23,78.6119
ABBV,2017-10-24,78.669
ABBV,2017-10-25,78.7281
ABBV,2017-10-26,78.5989
ABBV,2017-10-27,78.677
ABBV,2017-10-30,78.6678
ABBV,2017-10-31,78.6011
ABBV,2017-11-01,78.721
ABBV,2017-11-02,78.7125
ABBV,2017-11-03,78.8111
ABBV,2017-11-06,78.9537
ABBV,2017-11-07,79.165
ABBV,2017-11-08,79.5002
ABBV,2017-11-09,79.8183
ABBV,2017-11-10,80.0682
ABBV,2017-11-13,80.2688
ABBV,2017-11-14,80.4199
ABBV,2017-11-15,80.4751
ABBV,2017-11-16,80.5835
ABBV,2017-11-17,80.6108
ABBV,2017-11-20,80.6347
ABBV,2017-11-21,80.7451
ABBV,2017-11-22,80.8278
ABBV,2017-11-24,80.9232
ABBV,2017-11-27,81.067
ABBV,2017-11-28,81.1972
ABBV,2017-11-29,81.3479
ABBV,2017-11-30,81.5747
ABBV,2017-12-01,81.7306
ABBV,2017-12-04,81.7811
ABBV,2017-12-05,81.8425
ABBV,2017-12-06,81.8149
ABBV,2017-12-07,81.7767
ABBV,2017-12-08,81.8829
ABBV,2017-12-11,82.0218
ABBV,2017-12-12,82.1334
ABBV,2017-12-13,82.3208
ABBV,2017-12-14,82.404
ABBV,2017-12-15,82.5739
ABBV,2017-12-18,82.7884
ABBV,2017-12-19,82.9604
ABBV,2017-12-20,83.0739
ABBV,2017-12-21,83.2179
ABBV,2017-12-22,83.3727
ABBV,2017-12-26,83.475
ABBV,2017-12-27,83.5955
ABBV,2017-12-28,83.6799
ABBV,2017-12-29,83.6674
ABBV,2018-01-02,83.7959
ABBV,2018-01-03,84.0389
ABBV,2018-01-04,84.2118
ABBV,2018-01-05,84.5107
ABBV,2018-01-08,84.6477
ABBV,2018-01-09,84.8335
ABBV,2018-01-10,84.9563
ABBV,2018-01-11,85.0912
ABBV,2018-01-12,85.302
ABBV,2018-01-16,85.6708
ABBV,2018-01-17,86.1595
ABBV,2018-01-18,86.5561
ABBV,2018-01-19,86.9836
ABBV,2018-01-22,87.5238
ABBV,2018-01-23,87.9205
ABBV,2018-01-24,88.2903
ABBV,2018-01-25,88.856
ABBV,2018-01-26,90.6033
ABBV,2018-01-29,92.1097
ABBV,2018-01-30,92.9397
ABBV,2018-01-31,93.3874
ABBV,2018-02-01,94.1339
ABBV,2018-02-02,94.7124
ABBV,2018-02-05,94.7667
ABBV,2018-02-06,94.9559
ABBV,2018-02-07,95.3276
ABBV,2018-02-08,95.238
ABBV,2018-02-09,95.3906
ABBV,2018-02-12,95.5809
ABBV,2018-02-13,95.7473
ABBV,2018-02-14,95.9989
ABBV,2018-02-15,96.3773
ABBV,2018-02-16,97.0263
ABBV,2018-02-20,97.5622
ABBV,2018-02-21,98.0412
ABBV,2018-02-22,98.4455
ABBV,2018-02-23,98.91
ABBV,2018-02-26,99.5614
ABBV,2018-02-27,99.879
ABBV,2018-02-28,99.965
ABBV,2018-03-01,99.8779
ABBV,2018-03-02,99.8985
ABBV,2018-03-05,99.9686
ABBV,2018-03-06,99.9408
ABBV,2018-03-07,99.9289
ABBV,2018-03-08,100.1079
ABBV,2018-03-09,100.4588
ABBV,2018-03-12,100.6943
ABBV,2018-03-13,101.0274
ABBV,2018-03-14,101.2618
ABBV,2018-03-15,101.1415
ABBV,2018-03-16,100.9316
ABBV,2018-03-19,100.6024
ABBV,2018-03-20,100.356
ABBV,2018-03-21,100.1165
ABBV,2018-03-22,98.7106
ABBV,2018-03-23,97.3857
ABBV,2018-03-26,96.0062
ABBV,2018-03-27,94.4872
ABBV,2018-03-28,93.3001
ABBV,2018-03-29,92.2576
ABBV,2018-04-02,91.05
ABBV,2018-04-03,89.8853
ABBV,2018-04-04,89.0263
ABBV,2018-04-05,88.1886
ABBV,2018-04-06,87.2293
ABBV,2018-04-09,86.4194
ABBV,2018-04-10,85.9468
ABBV,2018-04-11,85.5209
ABBV,2018-04-12,85.0891
ABBV,2018-04-13,84.6742
ABBV,2018-04-16,84.3633
ABBV,2018-04-17,84.1649
ABBV,2018-04-18,84.0465
ABBV,2018-04-19,83.8296
ABBV,2018-04-20,83.5991
ABBV,2018-04-23,83.4383
ABBV,2018-04-24,83.1413
ABBV,2018-04-25,82.9152
ABBV,2018-04-26,83.1771
ABBV,2018-04-27,83.522
ABBV,2018-04-30,83.6515
ABBV,2018-05-01,84.2309
ABBV,2018-05-02,84.6127
ABBV,2018-05-03,84.9507
ABBV,2018-05-04,85.2473
ABBV,2018-05-07,85.4704
ABBV,2018-05-08,85.653
ABBV,2018-05-09,85.9672
ABBV,2018-05-10,86.3914
ABBV,2018-05-11,86.8865
ABBV,2018-05-14,87.4776
ABBV,2018-05-15,87.8693
ABBV,2018-05-16,88.2956
ABBV,2018-05-17,88.7048
ABBV,2018-05-18,89.1303
ABBV,2018-05-21,89.5362
ABBV,2018-05-22,89.9035
ABBV,2018-05-23,90.183
ABBV,2018-05-24,90.2299
ABBV,2018-05-25,90.0999
ABBV,2018-05-29,89.8474
ABBV,2018-05-30,89.9154
ABBV,2018-05-31,89.6362
ABBV,2018-06-01,89.309
ABBV,2018-06-04,89.1009
ABBV,2018-06-05,88.9243
ABBV,2018-06-06,88.8265
ABBV,2018-06-07,88.6828
ABBV,2018-06-08,88.6457
ABBV,2018-06-11,88.5569
ABBV,2018-06-12,88.4045
ABBV,2018-06-13,88.1553
ABBV,2018-06-14,88.0277
ABBV,2018-06-15,87.981
ABBV,2018-06-18,87.8475
ABBV,2018-06-19,87.6873
ABBV,2018-06-20,87.5625
ABBV,2018-06-21,87.2235
ABBV,2018-06-22,86.7443
ABBV,2018-06-25,86.2739
ABBV,2018-06-26,85.7704
ABBV,2018-06-27,85.2638
ABBV,2018-06-28,84.8825
ABBV,2018-06-29,84.5559
ABBV,2018-07-02,84.2989
ABBV,2018-07-03,84.1083
ABBV,2018-07-05,84.0087
ABBV,2018-07-06,84.1228
ABBV,2018-07-09,84.2362
ABBV,2018-07-10,84.4894
ABBV,2018-07-11,84.3937
ABBV,2018-07-12,84.4419
ABBV,2018-07-13,84.5717
ABBV,2018-07-16,84.6571
ABBV,2018-07-17,84.6633
ABBV,2018-07-18,84.5835
ABBV,2018-07-19,84.1349
ABBV,2018-07-20,83.6411
ABBV,2018-07-23,83.2358
ABBV,2018-07-24,83.0501
ABBV,2018-07-25,83.0157
ABBV,2018-07-26,83.0539
ABBV,2018-07-27,82.8026
ABBV,2018-07-30,82.6505
ABBV,2018-07-31,82.5788
ABBV,2018-08-01,82.6561
ABBV,2018-08-02,82.8283
ABBV,2018-08-03,83.1034
ABBV,2018-08-06,83.3971
ABBV,2018-08-07,83.4091
ABBV,2018-08-08,83.3921
ABBV,2018-08-09,83.5238
ABBV,2018-08-10,83.6709
ABBV,2018-08-13,83.8869
ABBV,2018-08-14,84.0096
ABBV,2018-08-15,84.2499
ABBV,2018-08-16,84.5326
ABBV,2018-08-17,84.8381
ABBV,2018-08-20,85.0148
ABBV,2018-08-21,85.184
ABBV,2018-08-22,85.3286
ABBV,2018-08-23,85.418
ABBV,2018-08-24,85.52
ABBV,2018-08-27,85.6647
ABBV,2018-08-28,85.7314
ABBV,2018-08-29,85.8188
ABBV,2018-08-30,85.831
ABBV,2018-08-31,85.7736
ABBV,2018-09-04,85.6016
ABBV,2018-09-05,85.4992
ABBV,2018-09-06,85.284
ABBV,2018-09-07,85.1256
ABBV,2018-09-10,84.9527
ABBV,2018-09-11,84.7421
ABBV,2018-09-12,84.5567
ABBV,2018-09-13,84.6503
ABBV,2018-09-14,84.6799
ABBV,2018-09-17,84.6806
ABBV,2018-09-18,84.4477
ABBV,2018-09-19,84.1026
ABBV,2018-09-20,83.9307
ABBV,2018-09-21,83.7397
ABBV,2018-09-24,83.665
ABBV,2018-09-25,83.6278
ABBV,2018-09-26,83.628
ABBV,2018-09-27,83.6248
ABBV,2018-09-28,83.6591
ABBV,2018-10-01,83.7257
ABBV,2018-10-02,83.7208
ABBV,2018-10-03,83.8669
ABBV,2018-10-04,83.8155
ABBV,2018-10-05,83.8148
ABBV,2018-10-08,83.8504
ABBV,2018-10-09,83.8624
ABBV,2018-10-10,83.7472
ABBV,2018-10-11,83.4418
ABBV,2018-10-12,83.2457
ABBV,2018-10-15,82.9393
ABBV,2018-10-16,82.8954
ABBV,2018-10-17,82.8864
ABBV,2018-10-18,82.6757
ABBV,2018-10-19,82.3202
ABBV,2018-10-22,81.6822
ABBV,2018-10-23,80.9931
ABBV,2018-10-24,80.0662
ABBV,2018-10-25,79.4259
ABBV,2018-10-26,78.7662
ABBV,2018-10-29,78.2181
ABBV,2018-10-30,77.7418
ABBV,2018-10-31,76.9912
ABBV,2018-11-01,76.5139
ABBV,2018-11-02,76.0264
ABBV,2018-11-05,75.8435
ABBV,2018-11-06,75.7702
ABBV,2018-11-07,75.986
ABBV,2018-11-08,76.2471
ABBV,2018-11-09,76.5739
ABBV,2018-11-12,76.9464
ABBV,2018-11-13,77.1579
ABBV,2018-11-14,77.3569
ABBV,2018-11-15,77.6934
ABBV,2018-11-16,78.1166
ABBV,2018-11-19,78.3243
ABBV,2018-11-20,78.3934
ABBV,2018-11-21,78.2901
ABBV,2018-11-23,78.1523
ABBV,2018-11-26,78.0797
ABBV,2018-11-27,78.137
ABBV,2018-11-28,78.2966
ABBV,2018-11-29,78.5239
ABBV,2018-11-30,79.1022
ABBV,2018-12-03,79.5733
ABBV,2018-12-04,79.7337
ABBV,2018-12-06,79.86
ABBV,2018-12-07,79.6863
ABBV,2018-12-10,79.5847
ABBV,2018-12-11,79.5406
ABBV,2018-12-12,79.5375
ABBV,2018-12-13,79.4586
ABBV,2018-12-14,79.2077
ABBV,2018-12-17,78.9227
ABBV,2018-12-18,78.5493
ABBV,2018-12-19,78.2065
ABBV,2018-12-20,78.0543
ABBV,2018-12-21,77.8783
ABBV,2018-12-24,77.654
ABBV,2018-12-26,77.8681
ABBV,2018-12-27,78.1362
ABBV,2018-12-28,78.4822
ABBV,2018-12-31,78.8867
ABBV,2019-01-02,78.9997
ABBV,2019-01-03,78.8507
ABBV,2019-01-04,78.9534
ABBV,2019-01-07,79.1575
ABBV,2019-01-08,79.378
ABBV,2019-01-09,79.3228
ABBV,2019-01-10,79.3063
ABBV,2019-01-11,79.3007
ABBV,2019-01-14,79.0837
ABBV,2019-01-15,78.9514
ABBV,2019-01-16,78.836
ABBV,2019-01-17,78.8744
ABBV,2019-01-18,79.1082
ABBV,2019-01-22,79.247
ABBV,2019-01-23,79.3545
ABBV,2019-01-24,79.2292
ABBV,2019-01-25,78.6538
ABBV,2019-01-28,77.8389
ABBV,2019-01-29,77.1302
ABBV,2019-01-30,76.6266
ABBV,2019-01-31,76.2774
ABBV,2019-02-01,75.9797
ABBV,2019-02-04,75.5398
ABBV,2019-02-05,75.2422
ABBV,2019-02-06,74.9201
ABBV,2019-02-07,74.6365
ABBV,2019-02-08,74.4232
ABBV,2019-02-11,74.2388
ABBV,2019-02-12,74.0859
ABBV,2019-02-13,74.022
ABBV,2019-02-14,73.9407
ABBV,2019-02-15,73.8958
ABBV,2019-02-19,73.8266
ABBV,2019-02-20,73.7181
ABBV,2019-02-21,73.5126
ABBV,2019-02-22,73.4366
ABBV,2019-02-25,73.3913
ABBV,2019-02-26,73.3692
ABBV,2019-02-27,73.2541
ABBV,2019-02-28,73.1352
ABBV,2019-03-01,73.1021
ABBV,2019-03-04,73.0168
ABBV,2019-03-05,72.8919
ABBV,2019-03-06,72.708
ABBV,2019-03-07,72.5546
ABBV,2019-03-08,72.3587
ABBV,2019-03-11,72.2247
ABBV,2019-03-12,72.1606
ABBV,2019-03-13,72.119
ABBV,2019-03-14,72.1697
ABBV,2019-03-15,72.3359
ABBV,2019-03-18,72.4265
ABBV,2019-03-19,72.5232
ABBV,2019-03-20,72.5769
ABBV,2019-03-21,72.6956
ABBV,2019-03-22,72.6749
ABBV,2019-03-25,72.6346
ABBV,2019-03-26,72.7062
ABBV,2019-03-27,72.6958
ABBV,2019-03-28,72.6924
ABBV,2019-03-29,72.7439
ABBV,2019-04-01,72.8069
ABBV,2019-04-02,73.0621
ABBV,2019-04-03,73.2938
ABBV,2019-04-04,73.4801
ABBV,2019-04-05,73.7041
ABBV,2019-04-08,73.9525
ABBV,2019-04-09,74.0657
ABBV,2019-04-10,74.1906
ABBV,2019-04-11,74.2015
ABBV,2019-04-12,74.2183
ABBV,2019-04-15,74.2554
ABBV,2019-04-16,74.2171
ABBV,2019-04-17,73.9868
ABBV,2019-04-18,73.7426
ABBV,2019-04-22,73.5724
ABBV,2019-04-23,73.4632
ABBV,2019-04-24,73.3653
ABBV,2019-04-25,73.3354
ABBV,2019-04-26,73.34
ABBV,2019-04-29,73.3967
ABBV,2019-04-30,73.3683
ABBV,2019-05-01,73.2987
ABBV,2019-05-02,73.1989
ABBV,2019-05-03,73.1296
ABBV,2019-05-06,73.1152
ABBV,2019-05-07,72.9873
ABBV,2019-05-08,72.875
ABBV,2019-05-09,72.7665
ABBV,2019-05-10,72.6279
ABBV,2019-05-13,72.4517
ABBV,2019-05-14,72.4299
ABBV,2019-05-15,72.44
ABBV,2019-05-16,72.5123
ABBV,2019-05-17,72.5742
ABBV,2019-05-20,72.6618
ABBV,2019-05-21,72.834
ABBV,2019-05-22,73.052
ABBV,2019-05-23,73.2107
ABBV,2019-05-24,73.2587
ABBV,2019-05-28,73.1241
ABBV,2019-05-29,73.005
ABBV,2019-05-30,72.8578
ABBV,2019-05-31,72.6456
ABBV,2019-06-03,72.3651
ABBV,2019-06-04,72.2034
ABBV,2019-06-05,72.0843
ABBV,2019-06-06,71.9774
ABBV,2019-06-07,71.9122
ABBV,2019-06-10,71.8111
ABBV,2019-06-11,71.8267
ABBV,2019-06-12,71.8759
ABBV,2019-06-13,71.9537
ABBV,2019-06-14,72.0012
ABBV,2019-06-17,72.0408
ABBV,2019-06-18,72.0415
ABBV,2019-06-19,71.986
ABBV,2019-06-20,71.9998
ABBV,2019-06-21,72.0509
ABBV,2019-06-24,72.0682
ABBV,2019-06-25,70.9658
ABBV,2019-06-26,70.17
ABBV,2019-06-27,69.6255
ABBV,2019-06-28,69.3713
ABBV,2019-07-01,69.2009
ABBV,2019-07-02,69.1196
ABBV,2019-07-03,69.11
ABBV,2019-07-05,68.9286
ABBV,2019-07-08,68.6092
ABBV,2019-07-09,68.322
ABBV,2019-07-10,68.0982
ABBV,2019-07-11,67.8596
ABBV,2019-07-12,67.6535
ABBV,2019-07-15,67.4661
ABBV,2019-07-16,67.1977
ABBV,2019-07-17,66.8801
ABBV,2019-07-18,66.5865
ABBV,2019-07-19,66.3467
ABBV,2019-07-22,66.0817
ABBV,2019-07-23,65.8178
ABBV,2019-07-24,65.5551
ABBV,2019-07-25,65.2462
ABBV,2019-07-26,65.0646
ABBV,2019-07-29,64.8486
ABBV,2019-07-30,64.6533
ABBV,2019-07-31,64.4267
ABBV,2019-08-01,64.1486
ABBV,2019-08-02,63.857
ABBV,2019-08-05,63.5825
ABBV,2019-08-06,63.2932
ABBV,2019-08-07,63.0038
ABBV,2019-08-08,62.8301
ABBV,2019-08-09,62.6845
ABBV,2019-08-12,62.4594
ABBV,2019-08-13,62.2984
ABBV,2019-08-14,62.0183
ABBV,2019-08-15,61.7186
ABBV,2019-08-16,61.5765
ABBV,2019-08-19,61.6375
ABBV,2019-08-20,61.6795
ABBV,2019-08-21,61.818
ABBV,2019-08-22,61.9415
ABBV,2019-08-23,61.9153
ABBV,2019-08-26,61.9352
ABBV,2019-08-27,61.8829
ABBV,2019-08-28,61.8711
ABBV,2019-08-29,61.8739
ABBV,2019-08-30,61.8336
ABBV,2019-09-03,61.7669
ABBV,2019-09-04,61.7938
ABBV,2019-09-05,61.8761
ABBV,2019-09-06,62.003
ABBV,2019-09-09,62.0359
ABBV,2019-09-10,62.1974
ABBV,2019-09-11,62.4602
ABBV,2019-09-12,62.8172
ABBV,2019-09-13,63.1118
ABBV,2019-09-16,63.3845
ABBV,2019-09-17,63.7221
ABBV,2019-09-18,63.9981
ABBV,2019-09-19,64.2835
ABBV,2019-09-20,64.6058
ABBV,2019-09-23,64.9454
ABBV,2019-09-24,65.2545
ABBV,2019-09-25,65.4576
ABBV,2019-09-26,65.8141
ABBV,2019-09-27,66.2096
ABBV,2019-09-30,66.6449
ABBV,2019-10-01,66.817
ABBV,2019-10-02,66.8749
ABBV,2019-10-03,67.0803
ABBV,2019-10-04,67.3383
ABBV,2019-10-07,67.5424
ABBV,2019-10-08,67.6558
ABBV,2019-10-09,67.7379
ABBV,2019-10-10,67.9146
ABBV,2019-10-11,68.0967
ABBV,2019-10-14,68.2732
ABBV,2019-10-15,68.4997
ABBV,2019-10-16,68.7273
ABBV,2019-10-17,68.9683
ABBV,2019-10-18,69.3057
ABBV,2019-10-21,69.6868
ABBV,2019-10-22,70.0831
ABBV,2019-10-23,70.4308
ABBV,2019-10-24,70.6595
ABBV,2019-10-25,70.8421
ABBV,2019-10-28,71.1699
ABBV,2019-10-29,71.4791
ABBV,2019-10-30,71.8664
ABBV,2019-10-31,72.2068
ABBV,2019-11-01,72.7135
ABBV,2019-11-04,73.284
ABBV,2019-11-05,73.6962
ABBV,2019-11-06,74.0909
ABBV,2019-11-07,74.4417
ABBV,2019-11-08,75.048
ABBV,2019-11-11,75.6373
ABBV,2019-11-12,76.2409
ABBV,2019-11-13,76.8069
ABBV,2019-11-14,77.4065
ABBV,2019-11-15,78.0394
ABBV,2019-11-18,78.6211
ABBV,2019-11-19,79.1735
ABBV,2019-11-20,79.509
ABBV,2019-11-21,79.7511
ABBV,2019-11-22,79.9276
ABBV,2019-11-25,80.2419
ABBV,2019-11-26,80.5225
ABBV,2019-11-27,80.8316
ABBV,2019-11-29,81.057
ABBV,2019-12-02,81.1977
ABBV,2019-12-03,81.2275
ABBV,2019-12-04,81.3673
ABBV,2019-12-05,81.4505
ABBV,2019-12-06,81.5492
ABBV,2019-12-09,81.5897
ABBV,2019-12-10,81.6373
ABBV,2019-12-11,81.6929
ABBV,2019-12-12,81.9266
ABBV,2019-12-13,82.0577
ABBV,2019-12-16,82.3199
ABBV,2019-12-17,82.6158
ABBV,2019-12-18,82.8158
ABBV,2019-12-19,82.9461
ABBV,2019-12-20,83.1111
ABBV,2019-12-23,83.347
ABBV,2019-12-24,83.5243
ABBV,2019-12-26,83.6829
ABBV,2019-12-27,83.7696
ABBV,2019-12-30,83.7865
ABBV,2019-12-31,83.8037
ABBV,2020-01-02,83.9104
ABBV,2020-01-03,83.9302
ABBV,2020-01-06,84.0113
ABBV,2020-01-07,84.0387
ABBV,2020-01-08,84.1203
ABBV,2020-01-09,84.2565
ABBV,2020-01-10,84.2758
ABBV,2020-01-13,84.2446
ABBV,2020-01-14,84.294
ABBV,2020-01-15,84.4357
ABBV,2020-01-16,84.5639
ABBV,2020-01-17,84.5646
ABBV,2020-01-21,84.5642
ABBV,2020-01-22,84.4926
ABBV,2020-01-23,84.2502
ABBV,2020-01-24,83.8725
ABBV,2020-01-27,83.5748
ABBV,2020-01-28,83.2825
ABBV,2020-01-29,82.9658
ABBV,2020-01-30,82.5494
ABBV,2020-01-31,82.1031
ABBV,2020-02-03,81.8164
ABBV,2020-02-04,81.7456
ABBV,2020-02-05,81.8893
ABBV,2020-02-06,82.0696
ABBV,2020-02-07,82.7005
ABBV,2020-02-10,83.4964
ABBV,2020-02-11,84.331
ABBV,2020-02-12,85.2499
ABBV,2020-02-13,85.858
ABBV,2020-02-14,86.2891
ABBV,2020-02-18,86.639
ABBV,2020-02-19,87.004
ABBV,2020-02-20,87.3425
ABBV,2020-02-21,87.7155
ABBV,2020-02-24,87.8865
ABBV,2020-02-25,87.6787
ABBV,2020-02-26,87.4203
ABBV,2020-02-27,86.9128
ABBV,2020-02-28,86.4802
ABBV,2020-03-02,86.3615
ABBV,2020-03-03,86.1516
ABBV,2020-03-04,86.3443
ABBV,2020-03-05,86.4143
ABBV,2020-03-06,86.3138
ABBV,2020-03-09,85.8979
ABBV,2020-03-10,85.7285
ABBV,2020-03-11,85.33
ABBV,2020-03-12,84.3982
ABBV,2020-03-13,84.174
ABBV,2020-03-16,82.9551
ABBV,2020-03-17,81.7379
ABBV,2020-03-18,80.4545
ABBV,2020-03-19,79.2961
ABBV,2020-03-20,78.043
ABBV,2020-03-23,76.5138
ABBV,2020-03-24,75.4039
ABBV,2020-03-25,74.4382
ABBV,2020-03-26,74.1063
ABBV,2020-03-27,73.6998
ABBV,2020-03-30,73.5673
ABBV,2020-03-31,73.5343
ABBV,2020-04-01,73.251
ABBV,2020-04-02,73.1511
ABBV,2020-04-03,72.8997
ABBV,2020-04-06,72.8882
ABBV,2020-04-07,72.8467
ABBV,2020-04-08,73.0992
ABBV,2020-04-09,73.4367
ABBV,2020-04-13,73.7923
ABBV,2020-04-14,74.3896
ABBV,2020-04-15,74.9012
ABBV,2020-04-16,75.3678
ABBV,2020-04-17,75.9376
ABBV,2020-04-20,76.5032
ABBV,2020-04-21,76.678
ABBV,2020-04-22,76.9392
ABBV,2020-04-23,77.2284
ABBV,2020-04-24,77.634
ABBV,2020-04-27,78.103
ABBV,2020-04-28,78.3483
ABBV,2020-04-29,78.663
ABBV,2020-04-30,78.8029
ABBV,2020-05-01,78.9889
ABBV,2020-05-04,79.0662
ABBV,2020-05-05,79.462
ABBV,2020-05-06,79.8247
ABBV,2020-05-07,80.0415
ABBV,2020-05-08,80.2135
ABBV,2020-05-11,80.735
ABBV,2020-05-12,81.4444
ABBV,2020-05-13,81.9387
ABBV,2020-05-14,82.4852
ABBV,2020-05-15,83.0512
ABBV,2020-05-18,83.6338
ABBV,2020-05-19,84.1359
ABBV,2020-05-20,84.5892
ABBV,2020-05-21,85.1692
ABBV,2020-05-22,85.6086
ABBV,2020-05-26,85.8771
ABBV,2020-05-27,86.0523
ABBV,2020-05-28,86.2154
ABBV,2020-05-29,86.6081
ABBV,2020-06-01,86.7804
ABBV,2020-06-02,86.968
ABBV,2020-06-03,87.1237
ABBV,2020-06-04,87.4642
ABBV,2020-06-05,87.8475
ABBV,2020-06-08,88.263
ABBV,2020-06-09,88.7856
ABBV,2020-06-10,89.3263
ABBV,2020-06-11,89.3846
ABBV,2020-06-12,89.456
ABBV,2020-06-15,89.5781
ABBV,2020-06-16,89.9652
ABBV,2020-06-17,90.2858
ABBV,2020-06-18,90.6213
ABBV,2020-06-19,90.9695
ABBV,2020-06-22,91.3365
ABBV,2020-06-23,91.6722
ABBV,2020-06-24,91.7745
ABBV,2020-06-25,92.0388
ABBV,2020-06-26,92.1981
ABBV,2020-06-29,92.371
ABBV,2020-06-30,92.689
ABBV,2020-07-01,93.0659
ABBV,2020-07-02,93.3827
ABBV,2020-07-06,93.6814
ABBV,2020-07-07,93.9832
ABBV,2020-07-08,94.2498
ABBV,2020-07-09,94.3665
ABBV,2020-07-10,94.3691
ABBV,2020-07-13,94.4671
ABBV,2020-07-14,94.7591
ABBV,2020-07-15,95.1745
ABBV,2020-07-16,95.4978
ABBV,2020-07-17,95.8757
ABBV,2020-07-20,96.0965
ABBV,2020-07-21,96.0952
ABBV,2020-07-22,96.1222
ABBV,2020-07-23,96.1776
ABBV,2020-07-24,96.1413
ABBV,2020-07-27,96.1132
ABBV,2020-07-28,96.0455
ABBV,2020-07-29,96.0124
ABBV,2020-07-30,95.8913
ABBV,2020-07-31,95.6756
ABBV,2020-08-03,95.5772
ABBV,2020-08-04,95.3332
ABBV,2020-08-05,95.0147
ABBV,2020-08-06,94.6626
ABBV,2020-08-07,94.377
ABBV,2020-08-10,94.0678
ABBV,2020-08-11,93.8153
ABBV,2020-08-12,93.8537
ABBV,2020-08-13,93.8104
ABBV,2020-08-14,93.8079
ABBV,2020-08-17,93.9259
ABBV,2020-08-18,93.9669
ABBV,2020-08-19,94.0463
ABBV,2020-08-20,94.0336
ABBV,2020-08-21,93.9901
ABBV,2020-08-24,93.9179
ABBV,2020-08-25,93.8102
ABBV,2020-08-26,93.7401
ABBV,2020-08-27,93.672
ABBV,2020-08-28,93.5981
ABBV,2020-08-31,93.6816
ABBV,2020-09-01,93.4255
ABBV,2020-09-02,93.3544
ABBV,2020-09-03,93.0947
ABBV,2020-09-04,92.8598
ABBV,2020-09-08,92.4922
ABBV,2020-09-09,92.292
ABBV,2020-09-10,91.9249
ABBV,2020-09-11,91.5975
ABBV,2020-09-14,91.3755
ABBV,2020-09-15,91.214
ABBV,2020-09-16,90.9618
ABBV,2020-09-17,90.7195
ABBV,2020-09-18,90.5454
ABBV,2020-09-21,90.2921
ABBV,2020-09-22,90.0168
ABBV,2020-09-23,89.6306
ABBV,2020-09-24,89.1656
ABBV,2020-09-25,88.7749
ABBV,2020-09-28,88.5201
ABBV,2020-09-29,88.253
ABBV,2020-09-30,88.077
ABBV,2020-10-01,87.8755
ABBV,2020-10-02,87.5974
ABBV,2020-10-05,87.5158
ABBV,2020-10-06,87.2504
ABBV,2020-10-07,87.121
ABBV,2020-10-08,87.0294
ABBV,2020-10-09,86.9803
ABBV,2020-10-12,86.9941
ABBV,2020-10-13,86.9606
ABBV,2020-10-14,86.8758
ABBV,2020-10-15,86.719
ABBV,2020-10-16,86.6763
ABBV,2020-10-19,86.4509
ABBV,2020-10-20,86.2413
ABBV,2020-10-21,85.9221
ABBV,2020-10-22,85.7686
ABBV,2020-10-23,85.6325
ABBV,2020-10-26,85.4694
ABBV,2020-10-27,85.2066
ABBV,2020-10-28,84.7574
ABBV,2020-10-29,84.3682
ABBV,2020-10-30,84.4379
ABBV,2020-11-02,84.8009
ABBV,2020-11-03,85.1018
ABBV,2020-11-04,85.9969
