SYMB,DATE,HORA,VWAP
ABBV,2020-10-07,07:10:00,85.294
ABBV,2020-10-07,07:20:00,85.2871
ABBV,2020-10-07,07:25:00,85.286
ABBV,2020-10-07,07:40:00,85.2747
ABBV,2020-10-07,08:05:00,85.2691
ABBV,2020-10-07,08:10:00,85.2702
ABBV,2020-10-07,08:15:00,85.2742
ABBV,2020-10-07,08:20:00,85.2826
ABBV,2020-10-07,08:25:00,85.2844
ABBV,2020-10-07,08:30:00,85.2933
ABBV,2020-10-07,08:35:00,85.3023
ABBV,2020-10-07,08:40:00,85.3061
ABBV,2020-10-07,08:50:00,85.3113
ABBV,2020-10-07,08:55:00,85.3357
ABBV,2020-10-07,09:05:00,85.3366
ABBV,2020-10-07,09:10:00,85.3283
ABBV,2020-10-07,09:15:00,85.3287
ABBV,2020-10-07,09:20:00,85.329
ABBV,2020-10-07,09:25:00,85.3235
ABBV,2020-10-07,09:30:00,85.2817
ABBV,2020-10-07,09:35:00,85.2295
ABBV,2020-10-07,09:40:00,85.2384
ABBV,2020-10-07,09:45:00,85.2466
ABBV,2020-10-07,09:50:00,85.2571
ABBV,2020-10-07,09:55:00,85.2645
ABBV,2020-10-07,10:00:00,85.2655
ABBV,2020-10-07,10:05:00,85.2689
ABBV,2020-10-07,10:10:00,85.2873
ABBV,2020-10-07,10:15:00,85.2904
ABBV,2020-10-07,10:20:00,85.3064
ABBV,2020-10-07,10:25:00,85.3102
ABBV,2020-10-07,10:30:00,85.3131
ABBV,2020-10-07,10:35:00,85.3144
ABBV,2020-10-07,10:40:00,85.3162
ABBV,2020-10-07,10:45:00,85.3207
ABBV,2020-10-07,10:50:00,85.3241
ABBV,2020-10-07,10:55:00,85.3233
ABBV,2020-10-07,11:00:00,85.322
ABBV,2020-10-07,11:05:00,85.3208
ABBV,2020-10-07,11:10:00,85.32
ABBV,2020-10-07,11:15:00,85.3186
ABBV,2020-10-07,11:20:00,85.3184
ABBV,2020-10-07,11:25:00,85.3191
ABBV,2020-10-07,11:30:00,85.3217
ABBV,2020-10-07,11:35:00,85.3233
ABBV,2020-10-07,11:40:00,85.3237
ABBV,2020-10-07,11:45:00,85.3233
ABBV,2020-10-07,11:50:00,85.323
ABBV,2020-10-07,11:55:00,85.3215
ABBV,2020-10-07,12:00:00,85.3186
ABBV,2020-10-07,12:05:00,85.3127
ABBV,2020-10-07,12:10:00,85.3086
ABBV,2020-10-07,12:15:00,85.3049
ABBV,2020-10-07,12:20:00,85.3017
ABBV,2020-10-07,12:25:00,85.3007
ABBV,2020-10-07,12:30:00,85.2976
ABBV,2020-10-07,12:35:00,85.2969
ABBV,2020-10-07,12:40:00,85.2957
ABBV,2020-10-07,12:45:00,85.294
ABBV,2020-10-07,12:50:00,85.2916
ABBV,2020-10-07,12:55:00,85.2891
ABBV,2020-10-07,13:00:00,85.2876
ABBV,2020-10-07,13:05:00,85.2848
ABBV,2020-10-07,13:10:00,85.2829
ABBV,2020-10-07,13:15:00,85.2805
ABBV,2020-10-07,13:20:00,85.2775
ABBV,2020-10-07,13:25:00,85.276
ABBV,2020-10-07,13:30:00,85.2746
ABBV,2020-10-07,13:35:00,85.2732
ABBV,2020-10-07,13:40:00,85.2724
ABBV,2020-10-07,13:45:00,85.2743
ABBV,2020-10-07,13:50:00,85.2773
ABBV,2020-10-07,13:55:00,85.28
ABBV,2020-10-07,14:00:00,85.284
ABBV,2020-10-07,14:05:00,85.2854
ABBV,2020-10-07,14:10:00,85.2876
ABBV,2020-10-07,14:15:00,85.2896
ABBV,2020-10-07,14:20:00,85.2975
ABBV,2020-10-07,14:25:00,85.3134
ABBV,2020-10-07,14:30:00,85.3302
ABBV,2020-10-07,14:35:00,85.3394
ABBV,2020-10-07,14:40:00,85.3542
ABBV,2020-10-07,14:45:00,85.3621
ABBV,2020-10-07,14:50:00,85.3666
ABBV,2020-10-07,14:55:00,85.3712
ABBV,2020-10-07,15:00:00,85.3746
ABBV,2020-10-07,15:05:00,85.3819
ABBV,2020-10-07,15:10:00,85.387
ABBV,2020-10-07,15:15:00,85.3926
ABBV,2020-10-07,15:20:00,85.4003
ABBV,2020-10-07,15:25:00,85.4067
ABBV,2020-10-07,15:30:00,85.4132
ABBV,2020-10-07,15:35:00,85.4199
ABBV,2020-10-07,15:40:00,85.4281
ABBV,2020-10-07,15:45:00,85.4367
ABBV,2020-10-07,15:50:00,85.4518
ABBV,2020-10-07,15:55:00,85.4855
ABBV,2020-10-07,16:00:00,85.514
ABBV,2020-10-07,16:05:00,85.5243
ABBV,2020-10-07,16:15:00,85.5317
ABBV,2020-10-07,16:20:00,85.5318
ABBV,2020-10-07,16:45:00,85.5318
ABBV,2020-10-07,16:50:00,85.5318
ABBV,2020-10-07,19:25:00,85.5319
ABBV,2020-10-07,20:00:00,85.5319
ABBV,2020-10-08,05:35:00,86.4153
ABBV,2020-10-08,05:40:00,86.3581
ABBV,2020-10-08,06:00:00,86.4025
ABBV,2020-10-08,07:05:00,86.2947
ABBV,2020-10-08,07:10:00,86.2897
ABBV,2020-10-08,08:05:00,86.2368
ABBV,2020-10-08,08:15:00,86.2395
ABBV,2020-10-08,08:20:00,86.24
ABBV,2020-10-08,08:25:00,86.2418
ABBV,2020-10-08,08:30:00,86.2429
ABBV,2020-10-08,08:45:00,86.2365
ABBV,2020-10-08,09:00:00,86.2316
ABBV,2020-10-08,09:20:00,86.225
ABBV,2020-10-08,09:25:00,86.2157
ABBV,2020-10-08,09:30:00,86.2115
ABBV,2020-10-08,09:35:00,86.0137
ABBV,2020-10-08,09:40:00,86.1282
ABBV,2020-10-08,09:45:00,86.1931
ABBV,2020-10-08,09:50:00,86.3032
ABBV,2020-10-08,09:55:00,86.3627
ABBV,2020-10-08,10:00:00,86.4023
ABBV,2020-10-08,10:05:00,86.4505
ABBV,2020-10-08,10:10:00,86.4748
ABBV,2020-10-08,10:15:00,86.4848
ABBV,2020-10-08,10:20:00,86.4947
ABBV,2020-10-08,10:25:00,86.501
ABBV,2020-10-08,10:30:00,86.526
ABBV,2020-10-08,10:35:00,86.5555
ABBV,2020-10-08,10:40:00,86.5877
ABBV,2020-10-08,10:45:00,86.6308
ABBV,2020-10-08,10:50:00,86.6462
ABBV,2020-10-08,10:55:00,86.6625
ABBV,2020-10-08,11:00:00,86.6775
ABBV,2020-10-08,11:05:00,86.6933
ABBV,2020-10-08,11:10:00,86.7062
ABBV,2020-10-08,11:15:00,86.7139
ABBV,2020-10-08,11:20:00,86.7229
ABBV,2020-10-08,11:25:00,86.7447
ABBV,2020-10-08,11:30:00,86.7522
ABBV,2020-10-08,11:35:00,86.7562
ABBV,2020-10-08,11:40:00,86.7612
ABBV,2020-10-08,11:45:00,86.761
ABBV,2020-10-08,11:50:00,86.7546
ABBV,2020-10-08,11:55:00,86.7443
ABBV,2020-10-08,12:00:00,86.7396
ABBV,2020-10-08,12:05:00,86.7329
ABBV,2020-10-08,12:10:00,86.726
ABBV,2020-10-08,12:15:00,86.7212
ABBV,2020-10-08,12:20:00,86.7175
ABBV,2020-10-08,12:25:00,86.7049
ABBV,2020-10-08,12:30:00,86.7009
ABBV,2020-10-08,12:35:00,86.6975
ABBV,2020-10-08,12:40:00,86.6915
ABBV,2020-10-08,12:45:00,86.6847
ABBV,2020-10-08,12:50:00,86.6789
ABBV,2020-10-08,12:55:00,86.6755
ABBV,2020-10-08,13:00:00,86.6704
ABBV,2020-10-08,13:05:00,86.6682
ABBV,2020-10-08,13:10:00,86.6633
ABBV,2020-10-08,13:15:00,86.6606
ABBV,2020-10-08,13:20:00,86.6575
ABBV,2020-10-08,13:25:00,86.6515
ABBV,2020-10-08,13:30:00,86.6479
ABBV,2020-10-08,13:35:00,86.645
ABBV,2020-10-08,13:40:00,86.6423
ABBV,2020-10-08,13:45:00,86.6399
ABBV,2020-10-08,13:50:00,86.6376
ABBV,2020-10-08,13:55:00,86.6354
ABBV,2020-10-08,14:00:00,86.6319
ABBV,2020-10-08,14:05:00,86.6276
ABBV,2020-10-08,14:10:00,86.6249
ABBV,2020-10-08,14:15:00,86.6221
ABBV,2020-10-08,14:20:00,86.6193
ABBV,2020-10-08,14:25:00,86.6168
ABBV,2020-10-08,14:30:00,86.612
ABBV,2020-10-08,14:35:00,86.6094
ABBV,2020-10-08,14:40:00,86.6067
ABBV,2020-10-08,14:45:00,86.5988
ABBV,2020-10-08,14:50:00,86.5957
ABBV,2020-10-08,14:55:00,86.593
ABBV,2020-10-08,15:00:00,86.591
ABBV,2020-10-08,15:05:00,86.5878
ABBV,2020-10-08,15:10:00,86.5834
ABBV,2020-10-08,15:15:00,86.5761
ABBV,2020-10-08,15:20:00,86.566
ABBV,2020-10-08,15:25:00,86.5589
ABBV,2020-10-08,15:30:00,86.5515
ABBV,2020-10-08,15:35:00,86.5473
ABBV,2020-10-08,15:40:00,86.5432
ABBV,2020-10-08,15:45:00,86.5384
ABBV,2020-10-08,15:50:00,86.5305
ABBV,2020-10-08,15:55:00,86.5142
ABBV,2020-10-08,16:00:00,86.4933
ABBV,2020-10-08,16:05:00,86.4857
ABBV,2020-10-08,16:15:00,86.4857
ABBV,2020-10-08,16:25:00,86.4857
ABBV,2020-10-08,16:40:00,86.4857
ABBV,2020-10-08,16:55:00,86.4857
ABBV,2020-10-08,17:05:00,86.4857
ABBV,2020-10-08,17:10:00,86.4857
ABBV,2020-10-08,17:15:00,86.4857
ABBV,2020-10-08,17:25:00,86.4857
ABBV,2020-10-08,18:25:00,86.4856
ABBV,2020-10-08,18:45:00,86.4856
ABBV,2020-10-09,07:05:00,86.4777
ABBV,2020-10-09,07:15:00,86.4982
ABBV,2020-10-09,07:35:00,86.5188
ABBV,2020-10-09,07:40:00,86.5316
ABBV,2020-10-09,08:00:00,86.548
ABBV,2020-10-09,08:05:00,86.5595
ABBV,2020-10-09,08:10:00,86.5492
ABBV,2020-10-09,08:15:00,86.5519
ABBV,2020-10-09,08:20:00,86.5538
ABBV,2020-10-09,08:30:00,86.5545
ABBV,2020-10-09,08:40:00,86.5546
ABBV,2020-10-09,08:45:00,86.5563
ABBV,2020-10-09,08:50:00,86.5571
ABBV,2020-10-09,09:00:00,86.561
ABBV,2020-10-09,09:05:00,86.5751
ABBV,2020-10-09,09:15:00,86.579
ABBV,2020-10-09,09:20:00,86.5789
ABBV,2020-10-09,09:30:00,86.5312
ABBV,2020-10-09,09:35:00,86.4461
ABBV,2020-10-09,09:40:00,86.3789
ABBV,2020-10-09,09:45:00,86.3656
ABBV,2020-10-09,09:50:00,86.3579
ABBV,2020-10-09,09:55:00,86.3519
ABBV,2020-10-09,10:00:00,86.3591
ABBV,2020-10-09,10:05:00,86.3752
ABBV,2020-10-09,10:10:00,86.3878
ABBV,2020-10-09,10:15:00,86.3976
ABBV,2020-10-09,10:20:00,86.4178
ABBV,2020-10-09,10:25:00,86.4461
ABBV,2020-10-09,10:30:00,86.469
ABBV,2020-10-09,10:35:00,86.4971
ABBV,2020-10-09,10:40:00,86.525
ABBV,2020-10-09,10:45:00,86.5428
ABBV,2020-10-09,10:50:00,86.5765
ABBV,2020-10-09,10:55:00,86.6104
ABBV,2020-10-09,11:00:00,86.6281
ABBV,2020-10-09,11:05:00,86.6353
ABBV,2020-10-09,11:10:00,86.6481
ABBV,2020-10-09,11:15:00,86.6582
ABBV,2020-10-09,11:20:00,86.6728
ABBV,2020-10-09,11:25:00,86.6827
ABBV,2020-10-09,11:30:00,86.6977
ABBV,2020-10-09,11:35:00,86.7087
ABBV,2020-10-09,11:40:00,86.7217
ABBV,2020-10-09,11:45:00,86.7382
ABBV,2020-10-09,11:50:00,86.7484
ABBV,2020-10-09,11:55:00,86.7569
ABBV,2020-10-09,12:00:00,86.764
ABBV,2020-10-09,12:05:00,86.7718
ABBV,2020-10-09,12:10:00,86.7776
ABBV,2020-10-09,12:15:00,86.7814
ABBV,2020-10-09,12:20:00,86.784
ABBV,2020-10-09,12:25:00,86.7883
ABBV,2020-10-09,12:30:00,86.7932
ABBV,2020-10-09,12:35:00,86.7962
ABBV,2020-10-09,12:40:00,86.7992
ABBV,2020-10-09,12:45:00,86.8014
ABBV,2020-10-09,12:50:00,86.8035
ABBV,2020-10-09,12:55:00,86.8056
ABBV,2020-10-09,13:00:00,86.8073
ABBV,2020-10-09,13:05:00,86.8104
ABBV,2020-10-09,13:10:00,86.8141
ABBV,2020-10-09,13:15:00,86.8162
ABBV,2020-10-09,13:20:00,86.8157
ABBV,2020-10-09,13:25:00,86.8152
ABBV,2020-10-09,13:30:00,86.815
ABBV,2020-10-09,13:35:00,86.8149
ABBV,2020-10-09,13:40:00,86.8136
ABBV,2020-10-09,13:45:00,86.8135
ABBV,2020-10-09,13:50:00,86.8132
ABBV,2020-10-09,13:55:00,86.8125
ABBV,2020-10-09,14:00:00,86.8118
ABBV,2020-10-09,14:05:00,86.8113
ABBV,2020-10-09,14:10:00,86.8109
ABBV,2020-10-09,14:15:00,86.8109
ABBV,2020-10-09,14:20:00,86.8109
ABBV,2020-10-09,14:25:00,86.81
ABBV,2020-10-09,14:30:00,86.8097
ABBV,2020-10-09,14:35:00,86.81
ABBV,2020-10-09,14:40:00,86.8091
ABBV,2020-10-09,14:45:00,86.8084
ABBV,2020-10-09,14:50:00,86.8083
ABBV,2020-10-09,14:55:00,86.8078
ABBV,2020-10-09,15:00:00,86.8067
ABBV,2020-10-09,15:05:00,86.806
ABBV,2020-10-09,15:10:00,86.8057
ABBV,2020-10-09,15:15:00,86.805
ABBV,2020-10-09,15:20:00,86.8043
ABBV,2020-10-09,15:25:00,86.804
ABBV,2020-10-09,15:30:00,86.8029
ABBV,2020-10-09,15:35:00,86.7999
ABBV,2020-10-09,15:40:00,86.7933
ABBV,2020-10-09,15:45:00,86.7866
ABBV,2020-10-09,15:50:00,86.7781
ABBV,2020-10-09,15:55:00,86.7665
ABBV,2020-10-09,16:00:00,86.7504
ABBV,2020-10-09,16:05:00,86.7475
ABBV,2020-10-09,16:10:00,86.7475
ABBV,2020-10-09,16:15:00,86.7475
ABBV,2020-10-09,16:25:00,86.7475
ABBV,2020-10-09,16:35:00,86.7475
ABBV,2020-10-09,16:40:00,86.7475
ABBV,2020-10-09,16:50:00,86.7474
ABBV,2020-10-09,17:00:00,86.7474
ABBV,2020-10-09,17:10:00,86.7474
ABBV,2020-10-09,17:35:00,86.7474
ABBV,2020-10-09,17:55:00,86.7474
ABBV,2020-10-09,18:00:00,86.7474
ABBV,2020-10-09,18:10:00,86.7474
ABBV,2020-10-09,18:20:00,86.7474
ABBV,2020-10-09,18:30:00,86.7474
ABBV,2020-10-09,18:55:00,86.7474
ABBV,2020-10-09,19:05:00,86.7474
ABBV,2020-10-09,19:10:00,86.7474
ABBV,2020-10-09,20:00:00,86.7473
ABBV,2020-10-12,04:05:00,86.948
ABBV,2020-10-12,04:50:00,86.944
ABBV,2020-10-12,04:55:00,86.9423
ABBV,2020-10-12,05:00:00,86.9634
ABBV,2020-10-12,05:05:00,86.9812
ABBV,2020-10-12,05:20:00,87.0189
ABBV,2020-10-12,06:00:00,87.0882
ABBV,2020-10-12,06:45:00,87.2989
ABBV,2020-10-12,07:05:00,87.383
ABBV,2020-10-12,07:10:00,87.3832
ABBV,2020-10-12,07:15:00,87.4027
ABBV,2020-10-12,07:25:00,87.3678
ABBV,2020-10-12,07:40:00,87.3363
ABBV,2020-10-12,07:55:00,87.3341
ABBV,2020-10-12,08:00:00,87.3307
ABBV,2020-10-12,08:05:00,87.3641
ABBV,2020-10-12,08:10:00,87.361
ABBV,2020-10-12,08:15:00,87.3377
ABBV,2020-10-12,08:30:00,87.3355
ABBV,2020-10-12,08:35:00,87.3351
ABBV,2020-10-12,08:40:00,87.3372
ABBV,2020-10-12,08:45:00,87.3376
ABBV,2020-10-12,08:50:00,87.3372
ABBV,2020-10-12,08:55:00,87.3336
ABBV,2020-10-12,09:00:00,87.2307
ABBV,2020-10-12,09:05:00,87.2289
ABBV,2020-10-12,09:10:00,87.228
ABBV,2020-10-12,09:15:00,87.2254
ABBV,2020-10-12,09:20:00,87.225
ABBV,2020-10-12,09:25:00,87.2247
ABBV,2020-10-12,09:30:00,87.2136
ABBV,2020-10-12,09:35:00,86.7726
ABBV,2020-10-12,09:40:00,86.6774
ABBV,2020-10-12,09:45:00,86.5873
ABBV,2020-10-12,09:50:00,86.5417
ABBV,2020-10-12,09:55:00,86.5184
ABBV,2020-10-12,10:00:00,86.4925
ABBV,2020-10-12,10:05:00,86.4768
ABBV,2020-10-12,10:10:00,86.4682
ABBV,2020-10-12,10:15:00,86.4767
ABBV,2020-10-12,10:20:00,86.4873
ABBV,2020-10-12,10:25:00,86.4976
ABBV,2020-10-12,10:30:00,86.5059
ABBV,2020-10-12,10:35:00,86.5103
ABBV,2020-10-12,10:40:00,86.513
ABBV,2020-10-12,10:45:00,86.5148
ABBV,2020-10-12,10:50:00,86.5188
ABBV,2020-10-12,10:55:00,86.532
ABBV,2020-10-12,11:00:00,86.5448
ABBV,2020-10-12,11:05:00,86.5534
ABBV,2020-10-12,11:10:00,86.5621
ABBV,2020-10-12,11:15:00,86.5689
ABBV,2020-10-12,11:20:00,86.578
ABBV,2020-10-12,11:25:00,86.5899
ABBV,2020-10-12,11:30:00,86.5972
ABBV,2020-10-12,11:35:00,86.6026
ABBV,2020-10-12,11:40:00,86.6096
ABBV,2020-10-12,11:45:00,86.6147
ABBV,2020-10-12,11:50:00,86.6252
ABBV,2020-10-12,11:55:00,86.6306
ABBV,2020-10-12,12:00:00,86.638
ABBV,2020-10-12,12:05:00,86.6469
ABBV,2020-10-12,12:10:00,86.6524
ABBV,2020-10-12,12:15:00,86.657
ABBV,2020-10-12,12:20:00,86.6637
ABBV,2020-10-12,12:25:00,86.6725
ABBV,2020-10-12,12:30:00,86.6799
ABBV,2020-10-12,12:35:00,86.6912
ABBV,2020-10-12,12:40:00,86.7003
ABBV,2020-10-12,12:45:00,86.7072
ABBV,2020-10-12,12:50:00,86.7116
ABBV,2020-10-12,12:55:00,86.7176
ABBV,2020-10-12,13:00:00,86.7205
ABBV,2020-10-12,13:05:00,86.7228
ABBV,2020-10-12,13:10:00,86.7253
ABBV,2020-10-12,13:15:00,86.728
ABBV,2020-10-12,13:20:00,86.7317
ABBV,2020-10-12,13:25:00,86.7368
ABBV,2020-10-12,13:30:00,86.7405
ABBV,2020-10-12,13:35:00,86.7446
ABBV,2020-10-12,13:40:00,86.7486
ABBV,2020-10-12,13:45:00,86.7507
ABBV,2020-10-12,13:50:00,86.7528
ABBV,2020-10-12,13:55:00,86.7546
ABBV,2020-10-12,14:00:00,86.7566
ABBV,2020-10-12,14:05:00,86.7592
ABBV,2020-10-12,14:10:00,86.7839
ABBV,2020-10-12,14:15:00,86.801
ABBV,2020-10-12,14:20:00,86.81
ABBV,2020-10-12,14:25:00,86.8151
ABBV,2020-10-12,14:30:00,86.8191
ABBV,2020-10-12,14:35:00,86.8223
ABBV,2020-10-12,14:40:00,86.8251
ABBV,2020-10-12,14:45:00,86.8375
ABBV,2020-10-12,14:50:00,86.8477
ABBV,2020-10-12,14:55:00,86.8557
ABBV,2020-10-12,15:00:00,86.8665
ABBV,2020-10-12,15:05:00,86.873
ABBV,2020-10-12,15:10:00,86.877
ABBV,2020-10-12,15:15:00,86.8797
ABBV,2020-10-12,15:20:00,86.8822
ABBV,2020-10-12,15:25:00,86.8907
ABBV,2020-10-12,15:30:00,86.893
ABBV,2020-10-12,15:35:00,86.8988
ABBV,2020-10-12,15:40:00,86.9038
ABBV,2020-10-12,15:45:00,86.9066
ABBV,2020-10-12,15:50:00,86.9102
ABBV,2020-10-12,15:55:00,86.915
ABBV,2020-10-12,16:00:00,86.9237
ABBV,2020-10-12,16:05:00,86.9256
ABBV,2020-10-12,16:10:00,86.9257
ABBV,2020-10-12,16:20:00,86.9258
ABBV,2020-10-12,16:25:00,86.9258
ABBV,2020-10-12,16:40:00,86.9258
ABBV,2020-10-12,16:45:00,86.9258
ABBV,2020-10-12,17:20:00,86.9258
ABBV,2020-10-12,18:05:00,86.9258
ABBV,2020-10-12,18:10:00,86.9258
ABBV,2020-10-12,18:15:00,86.9259
ABBV,2020-10-12,18:35:00,86.9259
ABBV,2020-10-12,19:45:00,86.9259
ABBV,2020-10-12,20:00:00,86.9259
ABBV,2020-10-13,07:05:00,87.2636
ABBV,2020-10-13,07:20:00,87.4062
ABBV,2020-10-13,07:40:00,87.353
ABBV,2020-10-13,07:50:00,87.3503
ABBV,2020-10-13,07:55:00,87.301
ABBV,2020-10-13,08:05:00,87.2872
ABBV,2020-10-13,08:15:00,87.2844
ABBV,2020-10-13,08:20:00,87.2834
ABBV,2020-10-13,08:25:00,87.282
ABBV,2020-10-13,08:30:00,87.2795
ABBV,2020-10-13,08:40:00,87.2785
ABBV,2020-10-13,08:45:00,87.2716
ABBV,2020-10-13,08:50:00,87.2656
ABBV,2020-10-13,08:55:00,87.2572
ABBV,2020-10-13,09:05:00,87.2541
ABBV,2020-10-13,09:15:00,87.2538
ABBV,2020-10-13,09:20:00,87.2534
ABBV,2020-10-13,09:25:00,87.2287
ABBV,2020-10-13,09:30:00,87.1317
ABBV,2020-10-13,09:35:00,86.9404
ABBV,2020-10-13,09:40:00,86.9706
ABBV,2020-10-13,09:45:00,86.9902
ABBV,2020-10-13,09:50:00,87.001
ABBV,2020-10-13,09:55:00,87.0178
ABBV,2020-10-13,10:00:00,87.0631
ABBV,2020-10-13,10:05:00,87.0821
ABBV,2020-10-13,10:10:00,87.0882
ABBV,2020-10-13,10:15:00,87.0897
ABBV,2020-10-13,10:20:00,87.09
ABBV,2020-10-13,10:25:00,87.0905
ABBV,2020-10-13,10:30:00,87.0856
ABBV,2020-10-13,10:35:00,87.0758
ABBV,2020-10-13,10:40:00,87.0644
ABBV,2020-10-13,10:45:00,87.049
ABBV,2020-10-13,10:50:00,87.038
ABBV,2020-10-13,10:55:00,87.0256
ABBV,2020-10-13,11:00:00,87.0188
ABBV,2020-10-13,11:05:00,87.0101
ABBV,2020-10-13,11:10:00,87.0034
ABBV,2020-10-13,11:15:00,86.9763
ABBV,2020-10-13,11:20:00,86.9694
ABBV,2020-10-13,11:25:00,86.966
ABBV,2020-10-13,11:30:00,86.9627
ABBV,2020-10-13,11:35:00,86.9585
ABBV,2020-10-13,11:40:00,86.9551
ABBV,2020-10-13,11:45:00,86.9516
ABBV,2020-10-13,11:50:00,86.9504
ABBV,2020-10-13,11:55:00,86.9491
ABBV,2020-10-13,12:00:00,86.9487
ABBV,2020-10-13,12:05:00,86.9509
ABBV,2020-10-13,12:10:00,86.953
ABBV,2020-10-13,12:15:00,86.9555
ABBV,2020-10-13,12:20:00,86.9576
ABBV,2020-10-13,12:25:00,86.9633
ABBV,2020-10-13,12:30:00,86.9656
ABBV,2020-10-13,12:35:00,86.9659
ABBV,2020-10-13,12:40:00,86.965
ABBV,2020-10-13,12:45:00,86.9641
ABBV,2020-10-13,12:50:00,86.963
ABBV,2020-10-13,12:55:00,86.9615
ABBV,2020-10-13,13:00:00,86.9575
ABBV,2020-10-13,13:05:00,86.9561
ABBV,2020-10-13,13:10:00,86.9516
ABBV,2020-10-13,13:15:00,86.9494
ABBV,2020-10-13,13:20:00,86.9473
ABBV,2020-10-13,13:25:00,86.9451
ABBV,2020-10-13,13:30:00,86.9428
ABBV,2020-10-13,13:35:00,86.9375
ABBV,2020-10-13,13:40:00,86.936
ABBV,2020-10-13,13:45:00,86.9342
ABBV,2020-10-13,13:50:00,86.9321
ABBV,2020-10-13,13:55:00,86.9282
ABBV,2020-10-13,14:00:00,86.9247
ABBV,2020-10-13,14:05:00,86.9219
ABBV,2020-10-13,14:10:00,86.9202
ABBV,2020-10-13,14:15:00,86.9184
ABBV,2020-10-13,14:20:00,86.9162
ABBV,2020-10-13,14:25:00,86.913
ABBV,2020-10-13,14:30:00,86.905
ABBV,2020-10-13,14:35:00,86.8904
ABBV,2020-10-13,14:40:00,86.8855
ABBV,2020-10-13,14:45:00,86.8739
ABBV,2020-10-13,14:50:00,86.8682
ABBV,2020-10-13,14:55:00,86.8648
ABBV,2020-10-13,15:00:00,86.8608
ABBV,2020-10-13,15:05:00,86.8586
ABBV,2020-10-13,15:10:00,86.8547
ABBV,2020-10-13,15:15:00,86.8508
ABBV,2020-10-13,15:20:00,86.8483
ABBV,2020-10-13,15:25:00,86.8454
ABBV,2020-10-13,15:30:00,86.8432
ABBV,2020-10-13,15:35:00,86.8416
ABBV,2020-10-13,15:40:00,86.8412
ABBV,2020-10-13,15:45:00,86.8404
ABBV,2020-10-13,15:50:00,86.8361
ABBV,2020-10-13,15:55:00,86.833
ABBV,2020-10-13,16:00:00,86.8259
ABBV,2020-10-13,16:05:00,86.8235
ABBV,2020-10-13,16:10:00,86.8235
ABBV,2020-10-13,16:15:00,86.8234
ABBV,2020-10-13,16:30:00,86.8234
ABBV,2020-10-13,16:40:00,86.8234
ABBV,2020-10-13,16:45:00,86.8234
ABBV,2020-10-13,16:55:00,86.8234
ABBV,2020-10-13,17:05:00,86.8234
ABBV,2020-10-13,17:20:00,86.8234
ABBV,2020-10-13,17:25:00,86.8234
ABBV,2020-10-13,17:35:00,86.8233
ABBV,2020-10-13,17:50:00,86.8233
ABBV,2020-10-13,18:00:00,86.8233
ABBV,2020-10-13,18:05:00,86.8233
ABBV,2020-10-13,18:10:00,86.8233
ABBV,2020-10-13,18:15:00,86.8233
ABBV,2020-10-13,18:40:00,86.8233
ABBV,2020-10-13,18:50:00,86.8233
ABBV,2020-10-13,18:55:00,86.8233
ABBV,2020-10-13,19:05:00,86.8233
ABBV,2020-10-13,19:15:00,86.8233
ABBV,2020-10-13,19:20:00,86.8233
ABBV,2020-10-13,19:25:00,86.8233
ABBV,2020-10-13,19:30:00,86.8233
ABBV,2020-10-13,19:35:00,86.8234
ABBV,2020-10-13,19:40:00,86.8234
ABBV,2020-10-13,19:50:00,86.8234
ABBV,2020-10-14,04:05:00,87.96
ABBV,2020-10-14,04:30:00,87.6
ABBV,2020-10-14,04:35:00,87.4746
ABBV,2020-10-14,04:55:00,87.3998
ABBV,2020-10-14,05:50:00,87.3668
ABBV,2020-10-14,06:20:00,87.396
ABBV,2020-10-14,06:25:00,87.3859
ABBV,2020-10-14,06:30:00,87.3548
ABBV,2020-10-14,06:35:00,87.316
ABBV,2020-10-14,06:45:00,87.2253
ABBV,2020-10-14,07:05:00,87.1302
ABBV,2020-10-14,07:15:00,87.1274
ABBV,2020-10-14,07:20:00,87.1231
ABBV,2020-10-14,07:30:00,87.1191
ABBV,2020-10-14,07:40:00,87.1157
ABBV,2020-10-14,07:45:00,87.1019
ABBV,2020-10-14,07:50:00,87.0902
ABBV,2020-10-14,08:05:00,87.0688
ABBV,2020-10-14,08:10:00,87.0654
ABBV,2020-10-14,08:20:00,87.0618
ABBV,2020-10-14,08:25:00,87.0603
ABBV,2020-10-14,08:30:00,87.0339
ABBV,2020-10-14,08:35:00,87.0179
ABBV,2020-10-14,08:40:00,87.0
ABBV,2020-10-14,08:45:00,86.9951
ABBV,2020-10-14,08:50:00,86.9735
ABBV,2020-10-14,08:55:00,86.9689
ABBV,2020-10-14,09:00:00,86.9698
ABBV,2020-10-14,09:05:00,86.971
ABBV,2020-10-14,09:10:00,86.966
ABBV,2020-10-14,09:15:00,86.9652
ABBV,2020-10-14,09:20:00,86.9652
ABBV,2020-10-14,09:25:00,86.965
ABBV,2020-10-14,09:30:00,86.9646
ABBV,2020-10-14,09:35:00,86.7254
ABBV,2020-10-14,09:40:00,86.6839
ABBV,2020-10-14,09:45:00,86.674
ABBV,2020-10-14,09:50:00,86.6852
ABBV,2020-10-14,09:55:00,86.7046
ABBV,2020-10-14,10:00:00,86.7096
ABBV,2020-10-14,10:05:00,86.7142
ABBV,2020-10-14,10:10:00,86.7185
ABBV,2020-10-14,10:15:00,86.7211
ABBV,2020-10-14,10:20:00,86.7377
ABBV,2020-10-14,10:25:00,86.7522
ABBV,2020-10-14,10:30:00,86.7551
ABBV,2020-10-14,10:35:00,86.7527
ABBV,2020-10-14,10:40:00,86.7505
ABBV,2020-10-14,10:45:00,86.744
ABBV,2020-10-14,10:50:00,86.7404
ABBV,2020-10-14,10:55:00,86.732
ABBV,2020-10-14,11:00:00,86.7247
ABBV,2020-10-14,11:05:00,86.6927
ABBV,2020-10-14,11:10:00,86.6854
ABBV,2020-10-14,11:15:00,86.682
ABBV,2020-10-14,11:20:00,86.6796
ABBV,2020-10-14,11:25:00,86.6757
ABBV,2020-10-14,11:30:00,86.6709
ABBV,2020-10-14,11:35:00,86.6669
ABBV,2020-10-14,11:40:00,86.6642
ABBV,2020-10-14,11:45:00,86.6604
ABBV,2020-10-14,11:50:00,86.649
ABBV,2020-10-14,11:55:00,86.6354
ABBV,2020-10-14,12:00:00,86.6261
ABBV,2020-10-14,12:05:00,86.6194
ABBV,2020-10-14,12:10:00,86.6141
ABBV,2020-10-14,12:15:00,86.5872
ABBV,2020-10-14,12:20:00,86.5647
ABBV,2020-10-14,12:25:00,86.5554
ABBV,2020-10-14,12:30:00,86.5482
ABBV,2020-10-14,12:35:00,86.5441
ABBV,2020-10-14,12:40:00,86.5268
ABBV,2020-10-14,12:45:00,86.5214
ABBV,2020-10-14,12:50:00,86.5078
ABBV,2020-10-14,12:55:00,86.504
ABBV,2020-10-14,13:00:00,86.4984
ABBV,2020-10-14,13:05:00,86.494
ABBV,2020-10-14,13:10:00,86.4839
ABBV,2020-10-14,13:15:00,86.4798
ABBV,2020-10-14,13:20:00,86.4738
ABBV,2020-10-14,13:25:00,86.4704
ABBV,2020-10-14,13:30:00,86.4654
ABBV,2020-10-14,13:35:00,86.4557
ABBV,2020-10-14,13:40:00,86.4491
ABBV,2020-10-14,13:45:00,86.4449
ABBV,2020-10-14,13:50:00,86.442
ABBV,2020-10-14,13:55:00,86.437
ABBV,2020-10-14,14:00:00,86.4348
ABBV,2020-10-14,14:05:00,86.4309
ABBV,2020-10-14,14:10:00,86.4284
ABBV,2020-10-14,14:15:00,86.4261
ABBV,2020-10-14,14:20:00,86.4219
ABBV,2020-10-14,14:25:00,86.4183
ABBV,2020-10-14,14:30:00,86.4164
ABBV,2020-10-14,14:35:00,86.4134
ABBV,2020-10-14,14:40:00,86.4088
ABBV,2020-10-14,14:45:00,86.4044
ABBV,2020-10-14,14:50:00,86.3999
ABBV,2020-10-14,14:55:00,86.3974
ABBV,2020-10-14,15:00:00,86.3954
ABBV,2020-10-14,15:05:00,86.3932
ABBV,2020-10-14,15:10:00,86.3918
ABBV,2020-10-14,15:15:00,86.3907
ABBV,2020-10-14,15:20:00,86.3895
ABBV,2020-10-14,15:25:00,86.3874
ABBV,2020-10-14,15:30:00,86.3856
ABBV,2020-10-14,15:35:00,86.3823
ABBV,2020-10-14,15:40:00,86.3753
ABBV,2020-10-14,15:45:00,86.3716
ABBV,2020-10-14,15:50:00,86.3679
ABBV,2020-10-14,15:55:00,86.3632
ABBV,2020-10-14,16:00:00,86.3508
ABBV,2020-10-14,16:05:00,86.3463
ABBV,2020-10-14,16:10:00,86.3462
ABBV,2020-10-14,16:15:00,86.3461
ABBV,2020-10-14,16:20:00,86.3461
ABBV,2020-10-14,17:45:00,86.3461
ABBV,2020-10-14,17:50:00,86.3459
ABBV,2020-10-14,18:25:00,86.3459
ABBV,2020-10-14,19:25:00,86.3459
ABBV,2020-10-15,04:10:00,85.8
ABBV,2020-10-15,07:05:00,85.6519
ABBV,2020-10-15,07:10:00,85.643
ABBV,2020-10-15,07:15:00,85.7146
ABBV,2020-10-15,07:20:00,85.7653
ABBV,2020-10-15,07:35:00,85.7674
ABBV,2020-10-15,08:05:00,85.7968
ABBV,2020-10-15,08:10:00,85.791
ABBV,2020-10-15,08:20:00,85.7642
ABBV,2020-10-15,08:30:00,85.7591
ABBV,2020-10-15,08:35:00,85.7396
ABBV,2020-10-15,08:40:00,85.7283
ABBV,2020-10-15,08:45:00,85.6843
ABBV,2020-10-15,08:50:00,85.6128
ABBV,2020-10-15,08:55:00,85.585
ABBV,2020-10-15,09:00:00,85.5822
ABBV,2020-10-15,09:05:00,85.5825
ABBV,2020-10-15,09:10:00,85.5796
ABBV,2020-10-15,09:20:00,85.5784
ABBV,2020-10-15,09:25:00,85.5765
ABBV,2020-10-15,09:30:00,85.5642
ABBV,2020-10-15,09:35:00,85.3281
ABBV,2020-10-15,09:40:00,85.2848
ABBV,2020-10-15,09:45:00,85.2604
ABBV,2020-10-15,09:50:00,85.2528
ABBV,2020-10-15,09:55:00,85.2477
ABBV,2020-10-15,10:00:00,85.2456
ABBV,2020-10-15,10:05:00,85.2402
ABBV,2020-10-15,10:10:00,85.2344
ABBV,2020-10-15,10:15:00,85.2291
ABBV,2020-10-15,10:20:00,85.2238
ABBV,2020-10-15,10:25:00,85.2202
ABBV,2020-10-15,10:30:00,85.214
ABBV,2020-10-15,10:35:00,85.2119
ABBV,2020-10-15,10:40:00,85.2073
ABBV,2020-10-15,10:45:00,85.2025
ABBV,2020-10-15,10:50:00,85.2017
ABBV,2020-10-15,10:55:00,85.2013
ABBV,2020-10-15,11:00:00,85.2007
ABBV,2020-10-15,11:05:00,85.1876
ABBV,2020-10-15,11:10:00,85.1917
ABBV,2020-10-15,11:15:00,85.1977
ABBV,2020-10-15,11:20:00,85.1989
ABBV,2020-10-15,11:25:00,85.2003
ABBV,2020-10-15,11:30:00,85.2009
ABBV,2020-10-15,11:35:00,85.1998
ABBV,2020-10-15,11:40:00,85.1993
ABBV,2020-10-15,11:45:00,85.1994
ABBV,2020-10-15,11:50:00,85.2002
ABBV,2020-10-15,11:55:00,85.2025
ABBV,2020-10-15,12:00:00,85.2033
ABBV,2020-10-15,12:05:00,85.2035
ABBV,2020-10-15,12:10:00,85.2033
ABBV,2020-10-15,12:15:00,85.2033
ABBV,2020-10-15,12:20:00,85.2037
ABBV,2020-10-15,12:25:00,85.2043
ABBV,2020-10-15,12:30:00,85.2055
ABBV,2020-10-15,12:35:00,85.2056
ABBV,2020-10-15,12:40:00,85.2051
ABBV,2020-10-15,12:45:00,85.2051
ABBV,2020-10-15,12:50:00,85.2046
ABBV,2020-10-15,12:55:00,85.2056
ABBV,2020-10-15,13:00:00,85.2075
ABBV,2020-10-15,13:05:00,85.2087
ABBV,2020-10-15,13:10:00,85.2103
ABBV,2020-10-15,13:15:00,85.2116
ABBV,2020-10-15,13:20:00,85.2146
ABBV,2020-10-15,13:25:00,85.2176
ABBV,2020-10-15,13:30:00,85.2251
ABBV,2020-10-15,13:35:00,85.2325
ABBV,2020-10-15,13:40:00,85.2353
ABBV,2020-10-15,13:45:00,85.2416
ABBV,2020-10-15,13:50:00,85.2444
ABBV,2020-10-15,13:55:00,85.2465
ABBV,2020-10-15,14:00:00,85.2484
ABBV,2020-10-15,14:05:00,85.252
ABBV,2020-10-15,14:10:00,85.257
ABBV,2020-10-15,14:15:00,85.2657
ABBV,2020-10-15,14:20:00,85.2689
ABBV,2020-10-15,14:25:00,85.272
ABBV,2020-10-15,14:30:00,85.2736
ABBV,2020-10-15,14:35:00,85.275
ABBV,2020-10-15,14:40:00,85.2758
ABBV,2020-10-15,14:45:00,85.2765
ABBV,2020-10-15,14:50:00,85.2773
ABBV,2020-10-15,14:55:00,85.2785
ABBV,2020-10-15,15:00:00,85.2796
ABBV,2020-10-15,15:05:00,85.2803
ABBV,2020-10-15,15:10:00,85.2798
ABBV,2020-10-15,15:15:00,85.279
ABBV,2020-10-15,15:20:00,85.2778
ABBV,2020-10-15,15:25:00,85.277
ABBV,2020-10-15,15:30:00,85.2777
ABBV,2020-10-15,15:35:00,85.279
ABBV,2020-10-15,15:40:00,85.2826
ABBV,2020-10-15,15:45:00,85.2855
ABBV,2020-10-15,15:50:00,85.2848
ABBV,2020-10-15,15:55:00,85.2839
ABBV,2020-10-15,16:00:00,85.2815
ABBV,2020-10-15,16:05:00,85.2794
ABBV,2020-10-15,16:15:00,85.2794
ABBV,2020-10-15,16:25:00,85.2794
ABBV,2020-10-15,16:30:00,85.2794
ABBV,2020-10-15,16:35:00,85.2794
ABBV,2020-10-15,16:45:00,85.2794
ABBV,2020-10-15,16:50:00,85.2794
ABBV,2020-10-15,16:55:00,85.2794
ABBV,2020-10-15,17:00:00,85.2794
ABBV,2020-10-15,17:45:00,85.2794
ABBV,2020-10-15,18:10:00,85.2794
ABBV,2020-10-15,18:40:00,85.2794
ABBV,2020-10-15,19:15:00,85.2794
ABBV,2020-10-15,19:25:00,85.2794
ABBV,2020-10-15,19:30:00,85.2794
ABBV,2020-10-15,19:40:00,85.2794
ABBV,2020-10-15,19:45:00,85.2795
ABBV,2020-10-15,19:50:00,85.2795
ABBV,2020-10-16,04:05:00,84.8
ABBV,2020-10-16,07:30:00,85.0417
ABBV,2020-10-16,08:05:00,85.2976
ABBV,2020-10-16,08:15:00,85.3202
ABBV,2020-10-16,08:20:00,85.379
ABBV,2020-10-16,08:40:00,85.3866
ABBV,2020-10-16,08:50:00,85.4312
ABBV,2020-10-16,09:00:00,85.4573
ABBV,2020-10-16,09:05:00,85.4636
ABBV,2020-10-16,09:10:00,85.4875
ABBV,2020-10-16,09:15:00,85.4929
ABBV,2020-10-16,09:30:00,85.5838
ABBV,2020-10-16,09:35:00,86.1263
ABBV,2020-10-16,09:40:00,86.1313
ABBV,2020-10-16,09:45:00,86.1466
ABBV,2020-10-16,09:50:00,86.1698
ABBV,2020-10-16,09:55:00,86.1846
ABBV,2020-10-16,10:00:00,86.1948
ABBV,2020-10-16,10:05:00,86.2223
ABBV,2020-10-16,10:10:00,86.2472
ABBV,2020-10-16,10:15:00,86.2807
ABBV,2020-10-16,10:20:00,86.2952
ABBV,2020-10-16,10:25:00,86.3283
ABBV,2020-10-16,10:30:00,86.3563
ABBV,2020-10-16,10:35:00,86.3709
ABBV,2020-10-16,10:40:00,86.3845
ABBV,2020-10-16,10:45:00,86.3937
ABBV,2020-10-16,10:50:00,86.407
ABBV,2020-10-16,10:55:00,86.4138
ABBV,2020-10-16,11:00:00,86.4201
ABBV,2020-10-16,11:05:00,86.4271
ABBV,2020-10-16,11:10:00,86.429
ABBV,2020-10-16,11:15:00,86.4321
ABBV,2020-10-16,11:20:00,86.4354
ABBV,2020-10-16,11:25:00,86.443
ABBV,2020-10-16,11:30:00,86.4452
ABBV,2020-10-16,11:35:00,86.4489
ABBV,2020-10-16,11:40:00,86.4554
ABBV,2020-10-16,11:45:00,86.4581
ABBV,2020-10-16,11:50:00,86.4621
ABBV,2020-10-16,11:55:00,86.4649
ABBV,2020-10-16,12:00:00,86.4677
ABBV,2020-10-16,12:05:00,86.4698
ABBV,2020-10-16,12:10:00,86.4719
ABBV,2020-10-16,12:15:00,86.4729
ABBV,2020-10-16,12:20:00,86.4728
ABBV,2020-10-16,12:25:00,86.4724
ABBV,2020-10-16,12:30:00,86.4725
ABBV,2020-10-16,12:35:00,86.472
ABBV,2020-10-16,12:40:00,86.4729
ABBV,2020-10-16,12:45:00,86.4737
ABBV,2020-10-16,12:50:00,86.4746
ABBV,2020-10-16,12:55:00,86.4758
ABBV,2020-10-16,13:00:00,86.4773
ABBV,2020-10-16,13:05:00,86.4799
ABBV,2020-10-16,13:10:00,86.4813
ABBV,2020-10-16,13:15:00,86.4825
ABBV,2020-10-16,13:20:00,86.4848
ABBV,2020-10-16,13:25:00,86.4896
ABBV,2020-10-16,13:30:00,86.4921
ABBV,2020-10-16,13:35:00,86.4933
ABBV,2020-10-16,13:40:00,86.4943
ABBV,2020-10-16,13:45:00,86.4949
ABBV,2020-10-16,13:50:00,86.4957
ABBV,2020-10-16,13:55:00,86.5027
ABBV,2020-10-16,14:00:00,86.506
ABBV,2020-10-16,14:05:00,86.5073
ABBV,2020-10-16,14:10:00,86.5082
ABBV,2020-10-16,14:15:00,86.5093
ABBV,2020-10-16,14:20:00,86.5104
ABBV,2020-10-16,14:25:00,86.5116
ABBV,2020-10-16,14:30:00,86.5123
ABBV,2020-10-16,14:35:00,86.5129
ABBV,2020-10-16,14:40:00,86.5139
ABBV,2020-10-16,14:45:00,86.5148
ABBV,2020-10-16,14:50:00,86.5158
ABBV,2020-10-16,14:55:00,86.5168
ABBV,2020-10-16,15:00:00,86.519
ABBV,2020-10-16,15:05:00,86.5202
ABBV,2020-10-16,15:10:00,86.5212
ABBV,2020-10-16,15:15:00,86.521
ABBV,2020-10-16,15:20:00,86.519
ABBV,2020-10-16,15:25:00,86.5169
ABBV,2020-10-16,15:30:00,86.5152
ABBV,2020-10-16,15:35:00,86.5134
ABBV,2020-10-16,15:40:00,86.5121
ABBV,2020-10-16,15:45:00,86.5097
ABBV,2020-10-16,15:50:00,86.5074
ABBV,2020-10-16,15:55:00,86.5
ABBV,2020-10-16,16:00:00,86.4852
ABBV,2020-10-16,16:05:00,86.48
ABBV,2020-10-16,16:10:00,86.4798
ABBV,2020-10-16,16:15:00,86.4797
ABBV,2020-10-16,16:20:00,86.4797
ABBV,2020-10-16,16:30:00,86.4797
ABBV,2020-10-16,16:55:00,86.4796
ABBV,2020-10-16,17:25:00,86.4796
ABBV,2020-10-16,17:35:00,86.4796
ABBV,2020-10-16,17:40:00,86.4796
ABBV,2020-10-16,17:45:00,86.4796
ABBV,2020-10-16,18:00:00,86.4796
ABBV,2020-10-16,18:20:00,86.4796
ABBV,2020-10-16,18:35:00,86.4796
ABBV,2020-10-16,18:45:00,86.4796
ABBV,2020-10-16,18:55:00,86.4796
ABBV,2020-10-16,19:30:00,86.4796
ABBV,2020-10-16,19:45:00,86.4796
ABBV,2020-10-16,20:00:00,86.4795
ABBV,2020-10-19,06:25:00,86.1
ABBV,2020-10-19,07:15:00,86.3915
ABBV,2020-10-19,07:25:00,86.397
ABBV,2020-10-19,07:45:00,86.6103
ABBV,2020-10-19,08:05:00,86.6002
ABBV,2020-10-19,08:10:00,86.599
ABBV,2020-10-19,08:20:00,86.5949
ABBV,2020-10-19,08:35:00,86.5924
ABBV,2020-10-19,08:40:00,86.5878
ABBV,2020-10-19,08:45:00,86.5881
ABBV,2020-10-19,08:55:00,86.5879
ABBV,2020-10-19,09:05:00,86.588
ABBV,2020-10-19,09:10:00,86.589
ABBV,2020-10-19,09:20:00,86.5862
ABBV,2020-10-19,09:30:00,86.6009
ABBV,2020-10-19,09:35:00,86.5526
ABBV,2020-10-19,09:40:00,86.523
ABBV,2020-10-19,09:45:00,86.4809
ABBV,2020-10-19,09:50:00,86.445
ABBV,2020-10-19,09:55:00,86.4106
ABBV,2020-10-19,10:00:00,86.3823
ABBV,2020-10-19,10:05:00,86.3331
ABBV,2020-10-19,10:10:00,86.2948
ABBV,2020-10-19,10:15:00,86.2567
ABBV,2020-10-19,10:20:00,86.2119
ABBV,2020-10-19,10:25:00,86.1801
ABBV,2020-10-19,10:30:00,86.1559
ABBV,2020-10-19,10:35:00,86.1355
ABBV,2020-10-19,10:40:00,86.0877
ABBV,2020-10-19,10:45:00,86.0042
ABBV,2020-10-19,10:50:00,85.968
ABBV,2020-10-19,10:55:00,85.9357
ABBV,2020-10-19,11:00:00,85.9055
ABBV,2020-10-19,11:05:00,85.8662
ABBV,2020-10-19,11:10:00,85.8322
ABBV,2020-10-19,11:15:00,85.7729
ABBV,2020-10-19,11:20:00,85.7525
ABBV,2020-10-19,11:25:00,85.7134
ABBV,2020-10-19,11:30:00,85.693
ABBV,2020-10-19,11:35:00,85.6644
ABBV,2020-10-19,11:40:00,85.6468
ABBV,2020-10-19,11:45:00,85.6309
ABBV,2020-10-19,11:50:00,85.6161
ABBV,2020-10-19,11:55:00,85.6009
ABBV,2020-10-19,12:00:00,85.5859
ABBV,2020-10-19,12:05:00,85.5713
ABBV,2020-10-19,12:10:00,85.5604
ABBV,2020-10-19,12:15:00,85.5526
ABBV,2020-10-19,12:20:00,85.5425
ABBV,2020-10-19,12:25:00,85.53
ABBV,2020-10-19,12:30:00,85.5174
ABBV,2020-10-19,12:35:00,85.5096
ABBV,2020-10-19,12:40:00,85.5013
ABBV,2020-10-19,12:45:00,85.4953
ABBV,2020-10-19,12:50:00,85.4907
ABBV,2020-10-19,12:55:00,85.4825
ABBV,2020-10-19,13:00:00,85.4764
ABBV,2020-10-19,13:05:00,85.467
ABBV,2020-10-19,13:10:00,85.4602
ABBV,2020-10-19,13:15:00,85.4541
ABBV,2020-10-19,13:20:00,85.4475
ABBV,2020-10-19,13:25:00,85.4388
ABBV,2020-10-19,13:30:00,85.4181
ABBV,2020-10-19,13:35:00,85.4013
ABBV,2020-10-19,13:40:00,85.3937
ABBV,2020-10-19,13:45:00,85.3843
ABBV,2020-10-19,13:50:00,85.3721
ABBV,2020-10-19,13:55:00,85.36
ABBV,2020-10-19,14:00:00,85.3387
ABBV,2020-10-19,14:05:00,85.3116
ABBV,2020-10-19,14:10:00,85.2987
ABBV,2020-10-19,14:15:00,85.2802
ABBV,2020-10-19,14:20:00,85.273
ABBV,2020-10-19,14:25:00,85.264
ABBV,2020-10-19,14:30:00,85.259
ABBV,2020-10-19,14:35:00,85.2521
ABBV,2020-10-19,14:40:00,85.2449
ABBV,2020-10-19,14:45:00,85.2354
ABBV,2020-10-19,14:50:00,85.2227
ABBV,2020-10-19,14:55:00,85.2092
ABBV,2020-10-19,15:00:00,85.1932
ABBV,2020-10-19,15:05:00,85.1691
ABBV,2020-10-19,15:10:00,85.1483
ABBV,2020-10-19,15:15:00,85.1376
ABBV,2020-10-19,15:20:00,85.1246
ABBV,2020-10-19,15:25:00,85.1069
ABBV,2020-10-19,15:30:00,85.0804
ABBV,2020-10-19,15:35:00,85.0407
ABBV,2020-10-19,15:40:00,85.0176
ABBV,2020-10-19,15:45:00,84.9903
ABBV,2020-10-19,15:50:00,84.9738
ABBV,2020-10-19,15:55:00,84.9483
ABBV,2020-10-19,16:00:00,84.8912
ABBV,2020-10-19,16:05:00,84.8521
ABBV,2020-10-19,16:15:00,84.8516
ABBV,2020-10-19,16:25:00,84.8515
ABBV,2020-10-19,16:35:00,84.8515
ABBV,2020-10-19,16:50:00,84.8515
ABBV,2020-10-19,17:00:00,84.8514
ABBV,2020-10-19,17:10:00,84.8514
ABBV,2020-10-19,17:20:00,84.8514
ABBV,2020-10-19,17:25:00,84.8514
ABBV,2020-10-19,18:00:00,84.8514
ABBV,2020-10-19,18:05:00,84.8514
ABBV,2020-10-19,18:15:00,84.8514
ABBV,2020-10-19,18:20:00,84.8514
ABBV,2020-10-19,18:45:00,84.8513
ABBV,2020-10-19,18:55:00,84.8513
ABBV,2020-10-19,19:35:00,84.8513
ABBV,2020-10-19,19:50:00,84.8513
ABBV,2020-10-19,19:55:00,84.8513
ABBV,2020-10-20,07:05:00,84.95
ABBV,2020-10-20,07:20:00,84.9092
ABBV,2020-10-20,08:05:00,84.8086
ABBV,2020-10-20,08:15:00,84.8049
ABBV,2020-10-20,08:25:00,84.7431
ABBV,2020-10-20,08:40:00,84.7403
ABBV,2020-10-20,08:45:00,84.7389
ABBV,2020-10-20,09:05:00,84.7319
ABBV,2020-10-20,09:10:00,84.7263
ABBV,2020-10-20,09:15:00,84.7164
ABBV,2020-10-20,09:30:00,84.548
ABBV,2020-10-20,09:35:00,84.2355
ABBV,2020-10-20,09:40:00,84.2571
ABBV,2020-10-20,09:45:00,84.2897
ABBV,2020-10-20,09:50:00,84.2953
ABBV,2020-10-20,09:55:00,84.2923
ABBV,2020-10-20,10:00:00,84.2922
ABBV,2020-10-20,10:05:00,84.2952
ABBV,2020-10-20,10:10:00,84.2978
ABBV,2020-10-20,10:15:00,84.2979
ABBV,2020-10-20,10:20:00,84.3003
ABBV,2020-10-20,10:25:00,84.2957
ABBV,2020-10-20,10:30:00,84.2897
ABBV,2020-10-20,10:35:00,84.2732
ABBV,2020-10-20,10:40:00,84.2638
ABBV,2020-10-20,10:45:00,84.2579
ABBV,2020-10-20,10:50:00,84.2535
ABBV,2020-10-20,10:55:00,84.2438
ABBV,2020-10-20,11:00:00,84.1919
ABBV,2020-10-20,11:05:00,84.158
ABBV,2020-10-20,11:10:00,84.1176
ABBV,2020-10-20,11:15:00,84.0597
ABBV,2020-10-20,11:20:00,84.0288
ABBV,2020-10-20,11:25:00,83.9846
ABBV,2020-10-20,11:30:00,83.9751
ABBV,2020-10-20,11:35:00,83.9673
ABBV,2020-10-20,11:40:00,83.9591
ABBV,2020-10-20,11:45:00,83.9554
ABBV,2020-10-20,11:50:00,83.9524
ABBV,2020-10-20,11:55:00,83.9498
ABBV,2020-10-20,12:00:00,83.9483
ABBV,2020-10-20,12:05:00,83.9482
ABBV,2020-10-20,12:10:00,83.9499
ABBV,2020-10-20,12:15:00,83.9519
ABBV,2020-10-20,12:20:00,83.9547
ABBV,2020-10-20,12:25:00,83.9594
ABBV,2020-10-20,12:30:00,83.9624
ABBV,2020-10-20,12:35:00,83.9718
ABBV,2020-10-20,12:40:00,83.9784
ABBV,2020-10-20,12:45:00,83.9869
ABBV,2020-10-20,12:50:00,83.9913
ABBV,2020-10-20,12:55:00,83.9955
ABBV,2020-10-20,13:00:00,84.001
ABBV,2020-10-20,13:05:00,84.0073
ABBV,2020-10-20,13:10:00,84.0118
ABBV,2020-10-20,13:15:00,84.0201
ABBV,2020-10-20,13:20:00,84.0306
ABBV,2020-10-20,13:25:00,84.0429
ABBV,2020-10-20,13:30:00,84.0536
ABBV,2020-10-20,13:35:00,84.0627
ABBV,2020-10-20,13:40:00,84.073
ABBV,2020-10-20,13:45:00,84.079
ABBV,2020-10-20,13:50:00,84.0874
ABBV,2020-10-20,13:55:00,84.0939
ABBV,2020-10-20,14:00:00,84.0998
ABBV,2020-10-20,14:05:00,84.1076
ABBV,2020-10-20,14:10:00,84.1146
ABBV,2020-10-20,14:15:00,84.121
ABBV,2020-10-20,14:20:00,84.1361
ABBV,2020-10-20,14:25:00,84.1438
ABBV,2020-10-20,14:30:00,84.1531
ABBV,2020-10-20,14:35:00,84.1594
ABBV,2020-10-20,14:40:00,84.1689
ABBV,2020-10-20,14:45:00,84.1739
ABBV,2020-10-20,14:50:00,84.178
ABBV,2020-10-20,14:55:00,84.1817
ABBV,2020-10-20,15:00:00,84.1876
ABBV,2020-10-20,15:05:00,84.1943
ABBV,2020-10-20,15:10:00,84.1996
ABBV,2020-10-20,15:15:00,84.2009
ABBV,2020-10-20,15:20:00,84.2004
ABBV,2020-10-20,15:25:00,84.2014
ABBV,2020-10-20,15:30:00,84.2033
ABBV,2020-10-20,15:35:00,84.2036
ABBV,2020-10-20,15:40:00,84.2023
ABBV,2020-10-20,15:45:00,84.2045
ABBV,2020-10-20,15:50:00,84.2078
ABBV,2020-10-20,15:55:00,84.2102
ABBV,2020-10-20,16:00:00,84.2121
ABBV,2020-10-20,16:05:00,84.2124
ABBV,2020-10-20,16:15:00,84.2124
ABBV,2020-10-20,16:20:00,84.2124
ABBV,2020-10-20,16:30:00,84.2124
ABBV,2020-10-20,16:40:00,84.2124
ABBV,2020-10-20,16:45:00,84.2124
ABBV,2020-10-20,17:50:00,84.2124
ABBV,2020-10-20,18:25:00,84.2124
ABBV,2020-10-20,20:00:00,84.2124
ABBV,2020-10-21,07:45:00,84.4
ABBV,2020-10-21,08:05:00,84.4214
ABBV,2020-10-21,08:50:00,84.1701
ABBV,2020-10-21,09:05:00,84.1282
ABBV,2020-10-21,09:25:00,84.1285
ABBV,2020-10-21,09:30:00,83.8802
ABBV,2020-10-21,09:35:00,83.7896
ABBV,2020-10-21,09:40:00,83.7759
ABBV,2020-10-21,09:45:00,83.7163
ABBV,2020-10-21,09:50:00,83.6769
ABBV,2020-10-21,09:55:00,83.6596
ABBV,2020-10-21,10:00:00,83.6265
ABBV,2020-10-21,10:05:00,83.5574
ABBV,2020-10-21,10:10:00,83.5373
ABBV,2020-10-21,10:15:00,83.4861
ABBV,2020-10-21,10:20:00,83.4606
ABBV,2020-10-21,10:25:00,83.44
ABBV,2020-10-21,10:30:00,83.3736
ABBV,2020-10-21,10:35:00,83.3482
ABBV,2020-10-21,10:40:00,83.333
ABBV,2020-10-21,10:45:00,83.3152
ABBV,2020-10-21,10:50:00,83.2753
ABBV,2020-10-21,10:55:00,83.265
ABBV,2020-10-21,11:00:00,83.2552
ABBV,2020-10-21,11:05:00,83.2458
ABBV,2020-10-21,11:10:00,83.237
ABBV,2020-10-21,11:15:00,83.2212
ABBV,2020-10-21,11:20:00,83.1935
ABBV,2020-10-21,11:25:00,83.1802
ABBV,2020-10-21,11:30:00,83.1662
ABBV,2020-10-21,11:35:00,83.1537
ABBV,2020-10-21,11:40:00,83.1505
ABBV,2020-10-21,11:45:00,83.1484
ABBV,2020-10-21,11:50:00,83.1452
ABBV,2020-10-21,11:55:00,83.1434
ABBV,2020-10-21,12:00:00,83.1393
ABBV,2020-10-21,12:05:00,83.1374
ABBV,2020-10-21,12:10:00,83.1357
ABBV,2020-10-21,12:15:00,83.1349
ABBV,2020-10-21,12:20:00,83.1339
ABBV,2020-10-21,12:25:00,83.14
ABBV,2020-10-21,12:30:00,83.1414
ABBV,2020-10-21,12:35:00,83.14
ABBV,2020-10-21,12:40:00,83.1385
ABBV,2020-10-21,12:45:00,83.1328
ABBV,2020-10-21,12:50:00,83.1292
ABBV,2020-10-21,12:55:00,83.1266
ABBV,2020-10-21,13:00:00,83.1236
ABBV,2020-10-21,13:05:00,83.1199
ABBV,2020-10-21,13:10:00,83.1134
ABBV,2020-10-21,13:15:00,83.1102
ABBV,2020-10-21,13:20:00,83.1064
ABBV,2020-10-21,13:25:00,83.1042
ABBV,2020-10-21,13:30:00,83.1007
ABBV,2020-10-21,13:35:00,83.0972
ABBV,2020-10-21,13:40:00,83.0901
ABBV,2020-10-21,13:45:00,83.0859
ABBV,2020-10-21,13:50:00,83.0792
ABBV,2020-10-21,13:55:00,83.072
ABBV,2020-10-21,14:00:00,83.0649
ABBV,2020-10-21,14:05:00,83.0607
ABBV,2020-10-21,14:10:00,83.0584
ABBV,2020-10-21,14:15:00,83.0583
ABBV,2020-10-21,14:20:00,83.0585
ABBV,2020-10-21,14:25:00,83.0602
ABBV,2020-10-21,14:30:00,83.0634
ABBV,2020-10-21,14:35:00,83.0667
ABBV,2020-10-21,14:40:00,83.0686
ABBV,2020-10-21,14:45:00,83.0702
ABBV,2020-10-21,14:50:00,83.0715
ABBV,2020-10-21,14:55:00,83.0724
ABBV,2020-10-21,15:00:00,83.0772
ABBV,2020-10-21,15:05:00,83.0837
ABBV,2020-10-21,15:10:00,83.0856
ABBV,2020-10-21,15:15:00,83.088
ABBV,2020-10-21,15:20:00,83.0898
ABBV,2020-10-21,15:25:00,83.0925
ABBV,2020-10-21,15:30:00,83.098
ABBV,2020-10-21,15:35:00,83.1045
ABBV,2020-10-21,15:40:00,83.1083
ABBV,2020-10-21,15:45:00,83.1102
ABBV,2020-10-21,15:50:00,83.1097
ABBV,2020-10-21,15:55:00,83.1064
ABBV,2020-10-21,16:00:00,83.0964
ABBV,2020-10-21,16:05:00,83.0954
ABBV,2020-10-21,16:10:00,83.0953
ABBV,2020-10-21,16:15:00,83.0954
ABBV,2020-10-21,16:20:00,83.0954
ABBV,2020-10-21,16:30:00,83.0954
ABBV,2020-10-21,16:35:00,83.0954
ABBV,2020-10-21,16:45:00,83.0954
ABBV,2020-10-21,16:50:00,83.0954
ABBV,2020-10-21,17:00:00,83.0954
ABBV,2020-10-21,17:10:00,83.0954
ABBV,2020-10-21,17:30:00,83.0954
ABBV,2020-10-21,17:35:00,83.0954
ABBV,2020-10-21,17:40:00,83.0955
ABBV,2020-10-21,17:45:00,83.0955
ABBV,2020-10-21,17:50:00,83.0955
ABBV,2020-10-21,17:55:00,83.0955
ABBV,2020-10-21,18:00:00,83.0955
ABBV,2020-10-21,18:10:00,83.0955
ABBV,2020-10-21,18:25:00,83.0955
ABBV,2020-10-21,18:30:00,83.0955
ABBV,2020-10-21,19:25:00,83.0955
ABBV,2020-10-21,19:45:00,83.0955
ABBV,2020-10-21,19:50:00,83.0955
ABBV,2020-10-21,19:55:00,83.0955
ABBV,2020-10-22,04:40:00,82.51
ABBV,2020-10-22,07:40:00,82.7852
ABBV,2020-10-22,07:45:00,82.8082
ABBV,2020-10-22,07:50:00,82.8373
ABBV,2020-10-22,08:05:00,83.0158
ABBV,2020-10-22,08:15:00,83.0301
ABBV,2020-10-22,08:25:00,83.0327
ABBV,2020-10-22,08:40:00,83.0291
ABBV,2020-10-22,08:55:00,83.0425
ABBV,2020-10-22,09:00:00,82.948
ABBV,2020-10-22,09:10:00,82.951
ABBV,2020-10-22,09:15:00,82.9411
ABBV,2020-10-22,09:20:00,82.952
ABBV,2020-10-22,09:30:00,82.9708
ABBV,2020-10-22,09:35:00,83.2828
ABBV,2020-10-22,09:40:00,83.3513
ABBV,2020-10-22,09:45:00,83.4689
ABBV,2020-10-22,09:50:00,83.5194
ABBV,2020-10-22,09:55:00,83.5561
ABBV,2020-10-22,10:00:00,83.6001
ABBV,2020-10-22,10:05:00,83.6256
ABBV,2020-10-22,10:10:00,83.6328
ABBV,2020-10-22,10:15:00,83.6394
ABBV,2020-10-22,10:20:00,83.6495
ABBV,2020-10-22,10:25:00,83.6533
ABBV,2020-10-22,10:30:00,83.6427
ABBV,2020-10-22,10:35:00,83.6327
ABBV,2020-10-22,10:40:00,83.6246
ABBV,2020-10-22,10:45:00,83.6179
ABBV,2020-10-22,10:50:00,83.6108
ABBV,2020-10-22,10:55:00,83.6071
ABBV,2020-10-22,11:00:00,83.6307
ABBV,2020-10-22,11:05:00,83.6472
ABBV,2020-10-22,11:10:00,83.6514
ABBV,2020-10-22,11:15:00,83.6733
ABBV,2020-10-22,11:20:00,83.6814
ABBV,2020-10-22,11:25:00,83.689
ABBV,2020-10-22,11:30:00,83.703
ABBV,2020-10-22,11:35:00,83.7092
ABBV,2020-10-22,11:40:00,83.7128
ABBV,2020-10-22,11:45:00,83.7224
ABBV,2020-10-22,11:50:00,83.7268
ABBV,2020-10-22,11:55:00,83.7332
ABBV,2020-10-22,12:00:00,83.7378
ABBV,2020-10-22,12:05:00,83.7422
ABBV,2020-10-22,12:10:00,83.7487
ABBV,2020-10-22,12:15:00,83.7537
ABBV,2020-10-22,12:20:00,83.7644
ABBV,2020-10-22,12:25:00,83.7698
ABBV,2020-10-22,12:30:00,83.7738
ABBV,2020-10-22,12:35:00,83.7787
ABBV,2020-10-22,12:40:00,83.7837
ABBV,2020-10-22,12:45:00,83.7922
ABBV,2020-10-22,12:50:00,83.8113
ABBV,2020-10-22,12:55:00,83.8368
ABBV,2020-10-22,13:00:00,83.8498
ABBV,2020-10-22,13:05:00,83.8594
ABBV,2020-10-22,13:10:00,83.8754
ABBV,2020-10-22,13:15:00,83.892
ABBV,2020-10-22,13:20:00,83.9047
ABBV,2020-10-22,13:25:00,83.9133
ABBV,2020-10-22,13:30:00,83.9212
ABBV,2020-10-22,13:35:00,83.9279
ABBV,2020-10-22,13:40:00,83.933
ABBV,2020-10-22,13:45:00,83.9399
ABBV,2020-10-22,13:50:00,83.947
ABBV,2020-10-22,13:55:00,83.9582
ABBV,2020-10-22,14:00:00,83.9642
ABBV,2020-10-22,14:05:00,83.9801
ABBV,2020-10-22,14:10:00,83.9913
ABBV,2020-10-22,14:15:00,84.0013
ABBV,2020-10-22,14:20:00,84.0127
ABBV,2020-10-22,14:25:00,84.0187
ABBV,2020-10-22,14:30:00,84.0329
ABBV,2020-10-22,14:35:00,84.0387
ABBV,2020-10-22,14:40:00,84.0444
ABBV,2020-10-22,14:45:00,84.0492
ABBV,2020-10-22,14:50:00,84.0528
ABBV,2020-10-22,14:55:00,84.058
ABBV,2020-10-22,15:00:00,84.0621
ABBV,2020-10-22,15:05:00,84.0664
ABBV,2020-10-22,15:10:00,84.0709
ABBV,2020-10-22,15:15:00,84.0731
ABBV,2020-10-22,15:20:00,84.0821
ABBV,2020-10-22,15:25:00,84.086
ABBV,2020-10-22,15:30:00,84.0997
ABBV,2020-10-22,15:35:00,84.106
ABBV,2020-10-22,15:40:00,84.1166
ABBV,2020-10-22,15:45:00,84.1213
ABBV,2020-10-22,15:50:00,84.1243
ABBV,2020-10-22,15:55:00,84.1333
ABBV,2020-10-22,16:00:00,84.1447
ABBV,2020-10-22,16:05:00,84.1463
ABBV,2020-10-22,16:10:00,84.1464
ABBV,2020-10-22,16:15:00,84.1464
ABBV,2020-10-22,16:20:00,84.1465
ABBV,2020-10-22,16:25:00,84.1465
ABBV,2020-10-22,16:40:00,84.1465
ABBV,2020-10-22,16:45:00,84.1465
ABBV,2020-10-22,16:55:00,84.1465
ABBV,2020-10-22,17:00:00,84.1466
ABBV,2020-10-22,17:05:00,84.1466
ABBV,2020-10-22,17:10:00,84.1467
ABBV,2020-10-22,17:15:00,84.1467
ABBV,2020-10-22,17:20:00,84.1468
ABBV,2020-10-22,17:25:00,84.1468
ABBV,2020-10-22,17:35:00,84.1469
ABBV,2020-10-22,18:30:00,84.1469
ABBV,2020-10-22,18:40:00,84.1469
ABBV,2020-10-22,18:45:00,84.1469
ABBV,2020-10-22,19:35:00,84.1469
ABBV,2020-10-22,20:00:00,84.1469
ABBV,2020-10-23,08:05:00,84.95
ABBV,2020-10-23,08:35:00,84.9227
ABBV,2020-10-23,08:45:00,84.909
ABBV,2020-10-23,08:55:00,84.8401
ABBV,2020-10-23,09:15:00,84.8278
ABBV,2020-10-23,09:30:00,84.7784
ABBV,2020-10-23,09:35:00,84.5647
ABBV,2020-10-23,09:40:00,84.4712
ABBV,2020-10-23,09:45:00,84.4504
ABBV,2020-10-23,09:50:00,84.4557
ABBV,2020-10-23,09:55:00,84.4841
ABBV,2020-10-23,10:00:00,84.5488
ABBV,2020-10-23,10:05:00,84.591
ABBV,2020-10-23,10:10:00,84.6078
ABBV,2020-10-23,10:15:00,84.6239
ABBV,2020-10-23,10:20:00,84.6384
ABBV,2020-10-23,10:25:00,84.6498
ABBV,2020-10-23,10:30:00,84.6518
ABBV,2020-10-23,10:35:00,84.6512
ABBV,2020-10-23,10:40:00,84.6517
ABBV,2020-10-23,10:45:00,84.6538
ABBV,2020-10-23,10:50:00,84.6586
ABBV,2020-10-23,10:55:00,84.6614
ABBV,2020-10-23,11:00:00,84.6677
ABBV,2020-10-23,11:05:00,84.6725
ABBV,2020-10-23,11:10:00,84.6734
ABBV,2020-10-23,11:15:00,84.6739
ABBV,2020-10-23,11:20:00,84.677
ABBV,2020-10-23,11:25:00,84.6772
ABBV,2020-10-23,11:30:00,84.6784
ABBV,2020-10-23,11:35:00,84.6811
ABBV,2020-10-23,11:40:00,84.6836
ABBV,2020-10-23,11:45:00,84.6837
ABBV,2020-10-23,11:50:00,84.6806
ABBV,2020-10-23,11:55:00,84.6781
ABBV,2020-10-23,12:00:00,84.6779
ABBV,2020-10-23,12:05:00,84.6779
ABBV,2020-10-23,12:10:00,84.6768
ABBV,2020-10-23,12:15:00,84.6749
ABBV,2020-10-23,12:20:00,84.6678
ABBV,2020-10-23,12:25:00,84.6588
ABBV,2020-10-23,12:30:00,84.651
ABBV,2020-10-23,12:35:00,84.6461
ABBV,2020-10-23,12:40:00,84.6432
ABBV,2020-10-23,12:45:00,84.638
ABBV,2020-10-23,12:50:00,84.6325
ABBV,2020-10-23,12:55:00,84.6242
ABBV,2020-10-23,13:00:00,84.6176
ABBV,2020-10-23,13:05:00,84.6128
ABBV,2020-10-23,13:10:00,84.609
ABBV,2020-10-23,13:15:00,84.6045
ABBV,2020-10-23,13:20:00,84.6
ABBV,2020-10-23,13:25:00,84.5961
ABBV,2020-10-23,13:30:00,84.5926
ABBV,2020-10-23,13:35:00,84.5888
ABBV,2020-10-23,13:40:00,84.5842
ABBV,2020-10-23,13:45:00,84.5801
ABBV,2020-10-23,13:50:00,84.5758
ABBV,2020-10-23,13:55:00,84.5692
ABBV,2020-10-23,14:00:00,84.5659
ABBV,2020-10-23,14:05:00,84.5625
ABBV,2020-10-23,14:10:00,84.5589
ABBV,2020-10-23,14:15:00,84.5556
ABBV,2020-10-23,14:20:00,84.5529
ABBV,2020-10-23,14:25:00,84.5511
ABBV,2020-10-23,14:30:00,84.5489
ABBV,2020-10-23,14:35:00,84.5468
ABBV,2020-10-23,14:40:00,84.5444
ABBV,2020-10-23,14:45:00,84.5421
ABBV,2020-10-23,14:50:00,84.5404
ABBV,2020-10-23,14:55:00,84.5385
ABBV,2020-10-23,15:00:00,84.5366
ABBV,2020-10-23,15:05:00,84.5344
ABBV,2020-10-23,15:10:00,84.5328
ABBV,2020-10-23,15:15:00,84.5319
ABBV,2020-10-23,15:20:00,84.5308
ABBV,2020-10-23,15:25:00,84.5297
ABBV,2020-10-23,15:30:00,84.5291
ABBV,2020-10-23,15:35:00,84.528
ABBV,2020-10-23,15:40:00,84.5271
ABBV,2020-10-23,15:45:00,84.525
ABBV,2020-10-23,15:50:00,84.5236
ABBV,2020-10-23,15:55:00,84.5215
ABBV,2020-10-23,16:00:00,84.5112
ABBV,2020-10-23,16:05:00,84.5085
ABBV,2020-10-23,16:10:00,84.5064
ABBV,2020-10-23,16:15:00,84.5064
ABBV,2020-10-23,16:25:00,84.5063
ABBV,2020-10-23,16:35:00,84.5063
ABBV,2020-10-23,16:40:00,84.5063
ABBV,2020-10-23,17:50:00,84.5063
ABBV,2020-10-23,18:40:00,84.5063
ABBV,2020-10-23,19:50:00,84.5063
ABBV,2020-10-23,19:55:00,84.5063
ABBV,2020-10-26,07:05:00,84.33
ABBV,2020-10-26,07:10:00,84.3091
ABBV,2020-10-26,08:00:00,84.243
ABBV,2020-10-26,08:05:00,84.2465
ABBV,2020-10-26,08:10:00,84.2403
ABBV,2020-10-26,08:20:00,84.2325
ABBV,2020-10-26,08:45:00,84.2171
ABBV,2020-10-26,08:50:00,84.2125
ABBV,2020-10-26,08:55:00,84.2098
ABBV,2020-10-26,09:00:00,84.2051
ABBV,2020-10-26,09:10:00,84.1991
ABBV,2020-10-26,09:15:00,84.1928
ABBV,2020-10-26,09:20:00,84.1919
ABBV,2020-10-26,09:25:00,84.1905
ABBV,2020-10-26,09:30:00,84.1898
ABBV,2020-10-26,09:35:00,84.0564
ABBV,2020-10-26,09:40:00,84.0148
ABBV,2020-10-26,09:45:00,83.974
ABBV,2020-10-26,09:50:00,83.9529
ABBV,2020-10-26,09:55:00,83.9073
ABBV,2020-10-26,10:00:00,83.8912
ABBV,2020-10-26,10:05:00,83.8702
ABBV,2020-10-26,10:10:00,83.8593
ABBV,2020-10-26,10:15:00,83.8428
ABBV,2020-10-26,10:20:00,83.8311
ABBV,2020-10-26,10:25:00,83.8253
ABBV,2020-10-26,10:30:00,83.822
ABBV,2020-10-26,10:35:00,83.8084
ABBV,2020-10-26,10:40:00,83.7944
ABBV,2020-10-26,10:45:00,83.7794
ABBV,2020-10-26,10:50:00,83.7584
ABBV,2020-10-26,10:55:00,83.7211
ABBV,2020-10-26,11:00:00,83.7007
ABBV,2020-10-26,11:05:00,83.6817
ABBV,2020-10-26,11:10:00,83.6604
ABBV,2020-10-26,11:15:00,83.6414
ABBV,2020-10-26,11:20:00,83.626
ABBV,2020-10-26,11:25:00,83.5997
ABBV,2020-10-26,11:30:00,83.5804
ABBV,2020-10-26,11:35:00,83.566
ABBV,2020-10-26,11:40:00,83.5604
ABBV,2020-10-26,11:45:00,83.5563
ABBV,2020-10-26,11:50:00,83.5538
ABBV,2020-10-26,11:55:00,83.5469
ABBV,2020-10-26,12:00:00,83.5422
ABBV,2020-10-26,12:05:00,83.5227
ABBV,2020-10-26,12:10:00,83.5181
ABBV,2020-10-26,12:15:00,83.5124
ABBV,2020-10-26,12:20:00,83.5092
ABBV,2020-10-26,12:25:00,83.5038
ABBV,2020-10-26,12:30:00,83.5002
ABBV,2020-10-26,12:35:00,83.4803
ABBV,2020-10-26,12:40:00,83.4674
ABBV,2020-10-26,12:45:00,83.4576
ABBV,2020-10-26,12:50:00,83.4526
ABBV,2020-10-26,12:55:00,83.4483
ABBV,2020-10-26,13:00:00,83.4465
ABBV,2020-10-26,13:05:00,83.4449
ABBV,2020-10-26,13:10:00,83.4435
ABBV,2020-10-26,13:15:00,83.4419
ABBV,2020-10-26,13:20:00,83.4381
ABBV,2020-10-26,13:25:00,83.4339
ABBV,2020-10-26,13:30:00,83.4309
ABBV,2020-10-26,13:35:00,83.422
ABBV,2020-10-26,13:40:00,83.4178
ABBV,2020-10-26,13:45:00,83.4137
ABBV,2020-10-26,13:50:00,83.4117
ABBV,2020-10-26,13:55:00,83.4099
ABBV,2020-10-26,14:00:00,83.4094
ABBV,2020-10-26,14:05:00,83.4094
ABBV,2020-10-26,14:10:00,83.4105
ABBV,2020-10-26,14:15:00,83.411
ABBV,2020-10-26,14:20:00,83.4117
ABBV,2020-10-26,14:25:00,83.4135
ABBV,2020-10-26,14:30:00,83.4163
ABBV,2020-10-26,14:35:00,83.419
ABBV,2020-10-26,14:40:00,83.4211
ABBV,2020-10-26,14:45:00,83.4234
ABBV,2020-10-26,14:50:00,83.4248
ABBV,2020-10-26,14:55:00,83.4271
ABBV,2020-10-26,15:00:00,83.4295
ABBV,2020-10-26,15:05:00,83.4332
ABBV,2020-10-26,15:10:00,83.4332
ABBV,2020-10-26,15:15:00,83.4319
ABBV,2020-10-26,15:20:00,83.4302
ABBV,2020-10-26,15:25:00,83.4296
ABBV,2020-10-26,15:30:00,83.4306
ABBV,2020-10-26,15:35:00,83.4311
ABBV,2020-10-26,15:40:00,83.4306
ABBV,2020-10-26,15:45:00,83.4302
ABBV,2020-10-26,15:50:00,83.4285
ABBV,2020-10-26,15:55:00,83.4327
ABBV,2020-10-26,16:00:00,83.4577
ABBV,2020-10-26,16:05:00,83.4627
ABBV,2020-10-26,16:15:00,83.4629
ABBV,2020-10-26,16:25:00,83.463
ABBV,2020-10-26,17:40:00,83.463
ABBV,2020-10-26,19:00:00,83.463
ABBV,2020-10-26,19:55:00,83.463
ABBV,2020-10-27,07:45:00,84.2
ABBV,2020-10-27,08:00:00,84.0136
ABBV,2020-10-27,08:05:00,83.6905
ABBV,2020-10-27,08:10:00,83.7398
ABBV,2020-10-27,08:50:00,83.7819
ABBV,2020-10-27,09:05:00,83.8097
ABBV,2020-10-27,09:25:00,83.7843
ABBV,2020-10-27,09:30:00,83.7934
ABBV,2020-10-27,09:35:00,83.7933
ABBV,2020-10-27,09:40:00,83.8235
ABBV,2020-10-27,09:45:00,83.8264
ABBV,2020-10-27,09:50:00,83.8216
ABBV,2020-10-27,09:55:00,83.8353
ABBV,2020-10-27,10:00:00,83.8855
ABBV,2020-10-27,10:05:00,83.9166
ABBV,2020-10-27,10:10:00,83.9296
ABBV,2020-10-27,10:15:00,83.9377
ABBV,2020-10-27,10:20:00,83.9327
ABBV,2020-10-27,10:25:00,83.9171
ABBV,2020-10-27,10:30:00,83.9059
ABBV,2020-10-27,10:35:00,83.9033
ABBV,2020-10-27,10:40:00,83.9022
ABBV,2020-10-27,10:45:00,83.899
ABBV,2020-10-27,10:50:00,83.8939
ABBV,2020-10-27,10:55:00,83.8919
ABBV,2020-10-27,11:00:00,83.8863
ABBV,2020-10-27,11:05:00,83.8807
ABBV,2020-10-27,11:10:00,83.878
ABBV,2020-10-27,11:15:00,83.8747
ABBV,2020-10-27,11:20:00,83.8698
ABBV,2020-10-27,11:25:00,83.865
ABBV,2020-10-27,11:30:00,83.8602
ABBV,2020-10-27,11:35:00,83.8556
ABBV,2020-10-27,11:40:00,83.8535
ABBV,2020-10-27,11:45:00,83.851
ABBV,2020-10-27,11:50:00,83.851
ABBV,2020-10-27,11:55:00,83.852
ABBV,2020-10-27,12:00:00,83.855
ABBV,2020-10-27,12:05:00,83.8578
ABBV,2020-10-27,12:10:00,83.8605
ABBV,2020-10-27,12:15:00,83.8631
ABBV,2020-10-27,12:20:00,83.8659
ABBV,2020-10-27,12:25:00,83.867
ABBV,2020-10-27,12:30:00,83.8685
ABBV,2020-10-27,12:35:00,83.8695
ABBV,2020-10-27,12:40:00,83.8699
ABBV,2020-10-27,12:45:00,83.8701
ABBV,2020-10-27,12:50:00,83.8703
ABBV,2020-10-27,12:55:00,83.8701
ABBV,2020-10-27,13:00:00,83.8694
ABBV,2020-10-27,13:05:00,83.8688
ABBV,2020-10-27,13:10:00,83.8652
ABBV,2020-10-27,13:15:00,83.8591
ABBV,2020-10-27,13:20:00,83.8555
ABBV,2020-10-27,13:25:00,83.8536
ABBV,2020-10-27,13:30:00,83.853
ABBV,2020-10-27,13:35:00,83.8534
ABBV,2020-10-27,13:40:00,83.8532
ABBV,2020-10-27,13:45:00,83.8525
ABBV,2020-10-27,13:50:00,83.8523
ABBV,2020-10-27,13:55:00,83.8533
ABBV,2020-10-27,14:00:00,83.8554
ABBV,2020-10-27,14:05:00,83.8611
ABBV,2020-10-27,14:10:00,83.8619
ABBV,2020-10-27,14:15:00,83.8611
ABBV,2020-10-27,14:20:00,83.8588
ABBV,2020-10-27,14:25:00,83.856
ABBV,2020-10-27,14:30:00,83.852
ABBV,2020-10-27,14:35:00,83.8493
ABBV,2020-10-27,14:40:00,83.8467
ABBV,2020-10-27,14:45:00,83.8444
ABBV,2020-10-27,14:50:00,83.8375
ABBV,2020-10-27,14:55:00,83.8318
ABBV,2020-10-27,15:00:00,83.8263
ABBV,2020-10-27,15:05:00,83.8206
ABBV,2020-10-27,15:10:00,83.8111
ABBV,2020-10-27,15:15:00,83.802
ABBV,2020-10-27,15:20:00,83.7921
ABBV,2020-10-27,15:25:00,83.7853
ABBV,2020-10-27,15:30:00,83.7759
ABBV,2020-10-27,15:35:00,83.7693
ABBV,2020-10-27,15:40:00,83.7556
ABBV,2020-10-27,15:45:00,83.7433
ABBV,2020-10-27,15:50:00,83.7261
ABBV,2020-10-27,15:55:00,83.6785
ABBV,2020-10-27,16:00:00,83.618
ABBV,2020-10-27,16:10:00,83.6032
ABBV,2020-10-27,16:15:00,83.6028
ABBV,2020-10-27,16:20:00,83.6008
ABBV,2020-10-27,16:25:00,83.6
ABBV,2020-10-27,16:35:00,83.5999
ABBV,2020-10-27,16:50:00,83.5998
ABBV,2020-10-27,16:55:00,83.5996
ABBV,2020-10-27,17:05:00,83.5993
ABBV,2020-10-27,17:10:00,83.5992
ABBV,2020-10-27,17:15:00,83.5992
ABBV,2020-10-27,17:20:00,83.5991
ABBV,2020-10-27,18:00:00,83.5991
ABBV,2020-10-27,18:10:00,83.5989
ABBV,2020-10-27,18:15:00,83.5986
ABBV,2020-10-27,18:30:00,83.5983
ABBV,2020-10-27,18:50:00,83.5983
ABBV,2020-10-27,19:10:00,83.5983
ABBV,2020-10-27,19:20:00,83.5982
ABBV,2020-10-27,19:55:00,83.5981
ABBV,2020-10-27,20:00:00,83.598
ABBV,2020-10-28,06:05:00,82.14
ABBV,2020-10-28,07:05:00,82.4208
ABBV,2020-10-28,07:10:00,82.387
ABBV,2020-10-28,07:20:00,82.3793
ABBV,2020-10-28,07:35:00,82.3421
ABBV,2020-10-28,07:40:00,82.3249
ABBV,2020-10-28,07:45:00,82.2618
ABBV,2020-10-28,07:50:00,82.2563
ABBV,2020-10-28,08:00:00,82.2418
ABBV,2020-10-28,08:05:00,82.2411
ABBV,2020-10-28,08:10:00,82.2407
ABBV,2020-10-28,08:20:00,82.2383
ABBV,2020-10-28,08:25:00,82.2372
ABBV,2020-10-28,08:35:00,82.1777
ABBV,2020-10-28,08:40:00,82.0315
ABBV,2020-10-28,08:55:00,82.0134
ABBV,2020-10-28,09:00:00,82.0045
ABBV,2020-10-28,09:05:00,81.999
ABBV,2020-10-28,09:10:00,81.9974
ABBV,2020-10-28,09:15:00,81.9835
ABBV,2020-10-28,09:20:00,81.9749
ABBV,2020-10-28,09:25:00,81.9698
ABBV,2020-10-28,09:30:00,81.8052
ABBV,2020-10-28,09:35:00,81.4695
ABBV,2020-10-28,09:40:00,81.5047
ABBV,2020-10-28,09:45:00,81.5579
ABBV,2020-10-28,09:50:00,81.59
ABBV,2020-10-28,09:55:00,81.6003
ABBV,2020-10-28,10:00:00,81.663
ABBV,2020-10-28,10:05:00,81.6585
ABBV,2020-10-28,10:10:00,81.6446
ABBV,2020-10-28,10:15:00,81.6306
ABBV,2020-10-28,10:20:00,81.6003
ABBV,2020-10-28,10:25:00,81.5644
ABBV,2020-10-28,10:30:00,81.5185
ABBV,2020-10-28,10:35:00,81.4813
ABBV,2020-10-28,10:40:00,81.4615
ABBV,2020-10-28,10:45:00,81.4394
ABBV,2020-10-28,10:50:00,81.4159
ABBV,2020-10-28,10:55:00,81.383
ABBV,2020-10-28,11:00:00,81.3609
ABBV,2020-10-28,11:05:00,81.3384
ABBV,2020-10-28,11:10:00,81.3018
ABBV,2020-10-28,11:15:00,81.286
ABBV,2020-10-28,11:20:00,81.261
ABBV,2020-10-28,11:25:00,81.2439
ABBV,2020-10-28,11:30:00,81.2262
ABBV,2020-10-28,11:35:00,81.2122
ABBV,2020-10-28,11:40:00,81.2009
ABBV,2020-10-28,11:45:00,81.1903
ABBV,2020-10-28,11:50:00,81.1779
ABBV,2020-10-28,11:55:00,81.1718
ABBV,2020-10-28,12:00:00,81.1655
ABBV,2020-10-28,12:05:00,81.1614
ABBV,2020-10-28,12:10:00,81.1605
ABBV,2020-10-28,12:15:00,81.1587
ABBV,2020-10-28,12:20:00,81.1558
ABBV,2020-10-28,12:25:00,81.1537
ABBV,2020-10-28,12:30:00,81.1499
ABBV,2020-10-28,12:35:00,81.1458
ABBV,2020-10-28,12:40:00,81.1393
ABBV,2020-10-28,12:45:00,81.1339
ABBV,2020-10-28,12:50:00,81.1278
ABBV,2020-10-28,12:55:00,81.1167
ABBV,2020-10-28,13:00:00,81.1051
ABBV,2020-10-28,13:05:00,81.094
ABBV,2020-10-28,13:10:00,81.0879
ABBV,2020-10-28,13:15:00,81.0792
ABBV,2020-10-28,13:20:00,81.0702
ABBV,2020-10-28,13:25:00,81.0606
ABBV,2020-10-28,13:30:00,81.0474
ABBV,2020-10-28,13:35:00,81.0371
ABBV,2020-10-28,13:40:00,81.0282
ABBV,2020-10-28,13:45:00,81.0222
ABBV,2020-10-28,13:50:00,81.0124
ABBV,2020-10-28,13:55:00,81.003
ABBV,2020-10-28,14:00:00,80.9951
ABBV,2020-10-28,14:05:00,80.9851
ABBV,2020-10-28,14:10:00,80.9791
ABBV,2020-10-28,14:15:00,80.9732
ABBV,2020-10-28,14:20:00,80.9689
ABBV,2020-10-28,14:25:00,80.9649
ABBV,2020-10-28,14:30:00,80.9621
ABBV,2020-10-28,14:35:00,80.9592
ABBV,2020-10-28,14:40:00,80.9553
ABBV,2020-10-28,14:45:00,80.9524
ABBV,2020-10-28,14:50:00,80.9499
ABBV,2020-10-28,14:55:00,80.9467
ABBV,2020-10-28,15:00:00,80.9436
ABBV,2020-10-28,15:05:00,80.9414
ABBV,2020-10-28,15:10:00,80.9385
ABBV,2020-10-28,15:15:00,80.9366
ABBV,2020-10-28,15:20:00,80.9343
ABBV,2020-10-28,15:25:00,80.9334
ABBV,2020-10-28,15:30:00,80.9328
ABBV,2020-10-28,15:35:00,80.9335
ABBV,2020-10-28,15:40:00,80.9325
ABBV,2020-10-28,15:45:00,80.9316
ABBV,2020-10-28,15:50:00,80.93
ABBV,2020-10-28,15:55:00,80.9268
ABBV,2020-10-28,16:00:00,80.9059
ABBV,2020-10-28,16:05:00,80.9027
ABBV,2020-10-28,16:15:00,80.9026
ABBV,2020-10-28,16:20:00,80.9025
ABBV,2020-10-28,16:30:00,80.9025
ABBV,2020-10-28,16:40:00,80.902
ABBV,2020-10-28,16:45:00,80.902
ABBV,2020-10-28,17:05:00,80.902
ABBV,2020-10-28,17:10:00,80.902
ABBV,2020-10-28,18:15:00,80.902
ABBV,2020-10-28,18:40:00,80.902
ABBV,2020-10-28,18:50:00,80.902
ABBV,2020-10-28,18:55:00,80.902
ABBV,2020-10-28,19:00:00,80.902
ABBV,2020-10-28,19:20:00,80.902
ABBV,2020-10-28,19:25:00,80.902
ABBV,2020-10-28,19:35:00,80.902
ABBV,2020-10-28,20:00:00,80.902
ABBV,2020-10-29,07:30:00,80.9967
ABBV,2020-10-29,08:00:00,80.8294
ABBV,2020-10-29,08:05:00,80.8172
ABBV,2020-10-29,08:20:00,80.8013
ABBV,2020-10-29,08:40:00,80.8013
ABBV,2020-10-29,08:45:00,80.8043
ABBV,2020-10-29,09:05:00,80.8142
ABBV,2020-10-29,09:10:00,80.8204
ABBV,2020-10-29,09:20:00,80.8063
ABBV,2020-10-29,09:25:00,80.7937
ABBV,2020-10-29,09:30:00,80.7279
ABBV,2020-10-29,09:35:00,80.2581
ABBV,2020-10-29,09:40:00,80.0791
ABBV,2020-10-29,09:45:00,79.9755
ABBV,2020-10-29,09:50:00,79.9365
ABBV,2020-10-29,09:55:00,79.9328
ABBV,2020-10-29,10:00:00,79.9406
ABBV,2020-10-29,10:05:00,80.0014
ABBV,2020-10-29,10:10:00,80.0346
ABBV,2020-10-29,10:15:00,80.0573
ABBV,2020-10-29,10:20:00,80.0685
ABBV,2020-10-29,10:25:00,80.0899
ABBV,2020-10-29,10:30:00,80.1022
ABBV,2020-10-29,10:35:00,80.1108
ABBV,2020-10-29,10:40:00,80.1244
ABBV,2020-10-29,10:45:00,80.1351
ABBV,2020-10-29,10:50:00,80.1487
ABBV,2020-10-29,10:55:00,80.1577
ABBV,2020-10-29,11:00:00,80.1686
ABBV,2020-10-29,11:05:00,80.1895
ABBV,2020-10-29,11:10:00,80.2031
ABBV,2020-10-29,11:15:00,80.2116
ABBV,2020-10-29,11:20:00,80.2207
ABBV,2020-10-29,11:25:00,80.2317
ABBV,2020-10-29,11:30:00,80.2432
ABBV,2020-10-29,11:35:00,80.2499
ABBV,2020-10-29,11:40:00,80.2571
ABBV,2020-10-29,11:45:00,80.2547
ABBV,2020-10-29,11:50:00,80.2551
ABBV,2020-10-29,11:55:00,80.2555
ABBV,2020-10-29,12:00:00,80.2591
ABBV,2020-10-29,12:05:00,80.2615
ABBV,2020-10-29,12:10:00,80.2629
ABBV,2020-10-29,12:15:00,80.2656
ABBV,2020-10-29,12:20:00,80.2693
ABBV,2020-10-29,12:25:00,80.2712
ABBV,2020-10-29,12:30:00,80.2715
ABBV,2020-10-29,12:35:00,80.2701
ABBV,2020-10-29,12:40:00,80.2711
ABBV,2020-10-29,12:45:00,80.2727
ABBV,2020-10-29,12:50:00,80.2743
ABBV,2020-10-29,12:55:00,80.2757
ABBV,2020-10-29,13:00:00,80.277
ABBV,2020-10-29,13:05:00,80.2776
ABBV,2020-10-29,13:10:00,80.2763
ABBV,2020-10-29,13:15:00,80.2754
ABBV,2020-10-29,13:20:00,80.2741
ABBV,2020-10-29,13:25:00,80.2738
ABBV,2020-10-29,13:30:00,80.2749
ABBV,2020-10-29,13:35:00,80.2785
ABBV,2020-10-29,13:40:00,80.2833
ABBV,2020-10-29,13:45:00,80.2877
ABBV,2020-10-29,13:50:00,80.2922
ABBV,2020-10-29,13:55:00,80.3003
ABBV,2020-10-29,14:00:00,80.312
ABBV,2020-10-29,14:05:00,80.3283
ABBV,2020-10-29,14:10:00,80.3413
ABBV,2020-10-29,14:15:00,80.3543
ABBV,2020-10-29,14:20:00,80.3689
ABBV,2020-10-29,14:25:00,80.3808
ABBV,2020-10-29,14:30:00,80.3951
ABBV,2020-10-29,14:35:00,80.4105
ABBV,2020-10-29,14:40:00,80.4254
ABBV,2020-10-29,14:45:00,80.4339
ABBV,2020-10-29,14:50:00,80.4483
ABBV,2020-10-29,14:55:00,80.4571
ABBV,2020-10-29,15:00:00,80.4643
ABBV,2020-10-29,15:05:00,80.4722
ABBV,2020-10-29,15:10:00,80.4774
ABBV,2020-10-29,15:15:00,80.485
ABBV,2020-10-29,15:20:00,80.4909
ABBV,2020-10-29,15:25:00,80.4977
ABBV,2020-10-29,15:30:00,80.5069
ABBV,2020-10-29,15:35:00,80.5399
ABBV,2020-10-29,15:40:00,80.5475
ABBV,2020-10-29,15:45:00,80.5539
ABBV,2020-10-29,15:50:00,80.5711
ABBV,2020-10-29,15:55:00,80.5894
ABBV,2020-10-29,16:00:00,80.6008
ABBV,2020-10-29,16:05:00,80.6018
ABBV,2020-10-29,16:10:00,80.6018
ABBV,2020-10-29,16:15:00,80.6018
ABBV,2020-10-29,16:20:00,80.6018
ABBV,2020-10-29,16:40:00,80.6019
ABBV,2020-10-29,16:45:00,80.602
ABBV,2020-10-29,16:50:00,80.602
ABBV,2020-10-29,17:10:00,80.602
ABBV,2020-10-29,17:15:00,80.602
ABBV,2020-10-29,17:30:00,80.6021
ABBV,2020-10-29,17:45:00,80.6022
ABBV,2020-10-29,17:50:00,80.6022
ABBV,2020-10-29,18:00:00,80.6022
ABBV,2020-10-29,18:05:00,80.6022
ABBV,2020-10-29,18:10:00,80.6022
ABBV,2020-10-29,18:15:00,80.6022
ABBV,2020-10-29,18:25:00,80.6022
ABBV,2020-10-29,18:30:00,80.6023
ABBV,2020-10-29,18:40:00,80.6023
ABBV,2020-10-29,18:45:00,80.6023
ABBV,2020-10-29,18:50:00,80.6023
ABBV,2020-10-29,19:05:00,80.6023
ABBV,2020-10-29,19:10:00,80.6023
ABBV,2020-10-29,19:20:00,80.6023
ABBV,2020-10-29,19:25:00,80.6023
ABBV,2020-10-29,19:30:00,80.6023
ABBV,2020-10-29,19:35:00,80.6023
ABBV,2020-10-29,19:40:00,80.6023
ABBV,2020-10-29,19:45:00,80.6023
ABBV,2020-10-29,19:50:00,80.6023
ABBV,2020-10-29,19:55:00,80.6023
ABBV,2020-10-29,20:00:00,80.6024
ABBV,2020-10-30,05:55:00,81.1
ABBV,2020-10-30,06:35:00,80.9679
ABBV,2020-10-30,07:05:00,81.0013
ABBV,2020-10-30,07:20:00,80.9981
ABBV,2020-10-30,07:30:00,80.9986
ABBV,2020-10-30,07:35:00,80.9965
ABBV,2020-10-30,07:40:00,80.9908
ABBV,2020-10-30,07:45:00,80.9821
ABBV,2020-10-30,07:50:00,80.9911
ABBV,2020-10-30,07:55:00,80.9476
ABBV,2020-10-30,08:00:00,80.9022
ABBV,2020-10-30,08:05:00,81.0607
ABBV,2020-10-30,08:10:00,81.0755
ABBV,2020-10-30,08:15:00,81.0927
ABBV,2020-10-30,08:20:00,81.1372
ABBV,2020-10-30,08:25:00,81.1877
ABBV,2020-10-30,08:30:00,81.2332
ABBV,2020-10-30,08:35:00,81.3752
ABBV,2020-10-30,08:40:00,81.564
ABBV,2020-10-30,08:45:00,81.6248
ABBV,2020-10-30,08:50:00,81.7117
ABBV,2020-10-30,08:55:00,81.7467
ABBV,2020-10-30,09:00:00,81.7768
ABBV,2020-10-30,09:05:00,81.8307
ABBV,2020-10-30,09:10:00,81.8827
ABBV,2020-10-30,09:15:00,82.0358
ABBV,2020-10-30,09:20:00,82.1493
ABBV,2020-10-30,09:25:00,82.6567
ABBV,2020-10-30,09:30:00,82.7474
ABBV,2020-10-30,09:35:00,84.2038
ABBV,2020-10-30,09:40:00,84.3762
ABBV,2020-10-30,09:45:00,84.4125
ABBV,2020-10-30,09:50:00,84.4984
ABBV,2020-10-30,09:55:00,84.5499
ABBV,2020-10-30,10:00:00,84.591
ABBV,2020-10-30,10:05:00,84.656
ABBV,2020-10-30,10:10:00,84.7636
ABBV,2020-10-30,10:15:00,84.8176
ABBV,2020-10-30,10:20:00,84.9087
ABBV,2020-10-30,10:25:00,85.0048
ABBV,2020-10-30,10:30:00,85.0631
ABBV,2020-10-30,10:35:00,85.0801
ABBV,2020-10-30,10:40:00,85.0967
ABBV,2020-10-30,10:45:00,85.1052
ABBV,2020-10-30,10:50:00,85.1018
ABBV,2020-10-30,10:55:00,85.1006
ABBV,2020-10-30,11:00:00,85.0908
ABBV,2020-10-30,11:05:00,85.0829
ABBV,2020-10-30,11:10:00,85.0748
ABBV,2020-10-30,11:15:00,85.0688
ABBV,2020-10-30,11:20:00,85.0624
ABBV,2020-10-30,11:25:00,85.0579
ABBV,2020-10-30,11:30:00,85.0509
ABBV,2020-10-30,11:35:00,85.0367
ABBV,2020-10-30,11:40:00,85.0263
ABBV,2020-10-30,11:45:00,85.0179
ABBV,2020-10-30,11:50:00,85.0103
ABBV,2020-10-30,11:55:00,85.0065
ABBV,2020-10-30,12:00:00,85.0044
ABBV,2020-10-30,12:05:00,85.0017
ABBV,2020-10-30,12:10:00,84.995
ABBV,2020-10-30,12:15:00,84.9876
ABBV,2020-10-30,12:20:00,84.9763
ABBV,2020-10-30,12:25:00,84.9702
ABBV,2020-10-30,12:30:00,84.9646
ABBV,2020-10-30,12:35:00,84.9571
ABBV,2020-10-30,12:40:00,84.9496
ABBV,2020-10-30,12:45:00,84.9396
ABBV,2020-10-30,12:50:00,84.9333
ABBV,2020-10-30,12:55:00,84.9283
ABBV,2020-10-30,13:00:00,84.9229
ABBV,2020-10-30,13:05:00,84.9133
ABBV,2020-10-30,13:10:00,84.9072
ABBV,2020-10-30,13:15:00,84.9028
ABBV,2020-10-30,13:20:00,84.8968
ABBV,2020-10-30,13:25:00,84.8928
ABBV,2020-10-30,13:30:00,84.8901
ABBV,2020-10-30,13:35:00,84.8863
ABBV,2020-10-30,13:40:00,84.8799
ABBV,2020-10-30,13:45:00,84.8735
ABBV,2020-10-30,13:50:00,84.8689
ABBV,2020-10-30,13:55:00,84.8647
ABBV,2020-10-30,14:00:00,84.8608
ABBV,2020-10-30,14:05:00,84.8577
ABBV,2020-10-30,14:10:00,84.8557
ABBV,2020-10-30,14:15:00,84.8521
ABBV,2020-10-30,14:20:00,84.8486
ABBV,2020-10-30,14:25:00,84.8455
ABBV,2020-10-30,14:30:00,84.8386
ABBV,2020-10-30,14:35:00,84.8355
ABBV,2020-10-30,14:40:00,84.8285
ABBV,2020-10-30,14:45:00,84.8186
ABBV,2020-10-30,14:50:00,84.8123
ABBV,2020-10-30,14:55:00,84.8083
ABBV,2020-10-30,15:00:00,84.8039
ABBV,2020-10-30,15:05:00,84.799
ABBV,2020-10-30,15:10:00,84.7938
ABBV,2020-10-30,15:15:00,84.791
ABBV,2020-10-30,15:20:00,84.7878
ABBV,2020-10-30,15:25:00,84.7861
ABBV,2020-10-30,15:30:00,84.7838
ABBV,2020-10-30,15:35:00,84.7793
ABBV,2020-10-30,15:40:00,84.7752
ABBV,2020-10-30,15:45:00,84.7731
ABBV,2020-10-30,15:50:00,84.775
ABBV,2020-10-30,15:55:00,84.7772
ABBV,2020-10-30,16:00:00,84.7959
ABBV,2020-10-30,16:05:00,84.8097
ABBV,2020-10-30,16:10:00,84.8097
ABBV,2020-10-30,16:15:00,84.8146
ABBV,2020-10-30,16:20:00,84.8148
ABBV,2020-10-30,16:25:00,84.8148
ABBV,2020-10-30,16:30:00,84.8149
ABBV,2020-10-30,16:40:00,84.8149
ABBV,2020-10-30,16:55:00,84.8149
ABBV,2020-10-30,17:00:00,84.815
ABBV,2020-10-30,17:05:00,84.815
ABBV,2020-10-30,17:15:00,84.815
ABBV,2020-10-30,17:25:00,84.815
ABBV,2020-10-30,17:30:00,84.815
ABBV,2020-10-30,17:40:00,84.815
ABBV,2020-10-30,17:45:00,84.815
ABBV,2020-10-30,18:00:00,84.815
ABBV,2020-10-30,18:25:00,84.8151
ABBV,2020-10-30,18:35:00,84.8151
ABBV,2020-10-30,18:40:00,84.8151
ABBV,2020-10-30,18:50:00,84.8151
ABBV,2020-10-30,18:55:00,84.8151
ABBV,2020-10-30,19:20:00,84.8151
ABBV,2020-10-30,19:25:00,84.8151
ABBV,2020-10-30,19:30:00,84.8152
ABBV,2020-10-30,19:35:00,84.8152
ABBV,2020-10-30,19:50:00,84.8152
ABBV,2020-10-30,19:55:00,84.8152
ABBV,2020-11-02,04:05:00,85.9
ABBV,2020-11-02,05:45:00,86.0647
ABBV,2020-11-02,06:55:00,86.2388
ABBV,2020-11-02,07:05:00,86.0841
ABBV,2020-11-02,07:10:00,86.0808
ABBV,2020-11-02,07:35:00,86.0875
ABBV,2020-11-02,07:40:00,86.0208
ABBV,2020-11-02,07:45:00,86.0256
ABBV,2020-11-02,07:50:00,86.0091
ABBV,2020-11-02,07:55:00,86.012
ABBV,2020-11-02,08:00:00,86.0078
ABBV,2020-11-02,08:05:00,86.0153
ABBV,2020-11-02,08:10:00,86.0178
ABBV,2020-11-02,08:20:00,86.0164
ABBV,2020-11-02,08:25:00,86.0161
ABBV,2020-11-02,08:30:00,86.0127
ABBV,2020-11-02,08:35:00,86.0147
ABBV,2020-11-02,08:40:00,86.0144
ABBV,2020-11-02,08:45:00,86.012
ABBV,2020-11-02,08:55:00,86.0123
ABBV,2020-11-02,09:00:00,86.0113
ABBV,2020-11-02,09:05:00,86.0077
ABBV,2020-11-02,09:10:00,86.0082
ABBV,2020-11-02,09:20:00,86.0098
ABBV,2020-11-02,09:25:00,86.0096
ABBV,2020-11-02,09:30:00,86.0188
ABBV,2020-11-02,09:35:00,86.3169
ABBV,2020-11-02,09:40:00,86.3494
ABBV,2020-11-02,09:45:00,86.3158
ABBV,2020-11-02,09:50:00,86.3239
ABBV,2020-11-02,09:55:00,86.4364
ABBV,2020-11-02,10:00:00,86.5562
ABBV,2020-11-02,10:05:00,86.6306
ABBV,2020-11-02,10:10:00,86.676
ABBV,2020-11-02,10:15:00,86.7198
ABBV,2020-11-02,10:20:00,86.7744
ABBV,2020-11-02,10:25:00,86.8139
ABBV,2020-11-02,10:30:00,86.8643
ABBV,2020-11-02,10:35:00,86.9058
ABBV,2020-11-02,10:40:00,86.9404
ABBV,2020-11-02,10:45:00,86.9753
ABBV,2020-11-02,10:50:00,87.0694
ABBV,2020-11-02,10:55:00,87.1054
ABBV,2020-11-02,11:00:00,87.1319
ABBV,2020-11-02,11:05:00,87.1438
ABBV,2020-11-02,11:10:00,87.1579
ABBV,2020-11-02,11:15:00,87.1729
ABBV,2020-11-02,11:20:00,87.1865
ABBV,2020-11-02,11:25:00,87.1961
ABBV,2020-11-02,11:30:00,87.2145
ABBV,2020-11-02,11:35:00,87.2333
ABBV,2020-11-02,11:40:00,87.2451
ABBV,2020-11-02,11:45:00,87.2581
ABBV,2020-11-02,11:50:00,87.2661
ABBV,2020-11-02,11:55:00,87.2753
ABBV,2020-11-02,12:00:00,87.2864
ABBV,2020-11-02,12:05:00,87.2955
ABBV,2020-11-02,12:10:00,87.302
ABBV,2020-11-02,12:15:00,87.3095
ABBV,2020-11-02,12:20:00,87.3194
ABBV,2020-11-02,12:25:00,87.3297
ABBV,2020-11-02,12:30:00,87.3405
ABBV,2020-11-02,12:35:00,87.3536
ABBV,2020-11-02,12:40:00,87.3632
ABBV,2020-11-02,12:45:00,87.3739
ABBV,2020-11-02,12:50:00,87.3787
ABBV,2020-11-02,12:55:00,87.3815
ABBV,2020-11-02,13:00:00,87.3876
ABBV,2020-11-02,13:05:00,87.3929
ABBV,2020-11-02,13:10:00,87.396
ABBV,2020-11-02,13:15:00,87.3987
ABBV,2020-11-02,13:20:00,87.4031
ABBV,2020-11-02,13:25:00,87.4145
ABBV,2020-11-02,13:30:00,87.4207
ABBV,2020-11-02,13:35:00,87.4304
ABBV,2020-11-02,13:40:00,87.4405
ABBV,2020-11-02,13:45:00,87.4503
ABBV,2020-11-02,13:50:00,87.4627
ABBV,2020-11-02,13:55:00,87.4682
ABBV,2020-11-02,14:00:00,87.4825
ABBV,2020-11-02,14:05:00,87.4892
ABBV,2020-11-02,14:10:00,87.4988
ABBV,2020-11-02,14:15:00,87.5062
ABBV,2020-11-02,14:20:00,87.5121
ABBV,2020-11-02,14:25:00,87.5212
ABBV,2020-11-02,14:30:00,87.5279
ABBV,2020-11-02,14:35:00,87.5334
ABBV,2020-11-02,14:40:00,87.5395
ABBV,2020-11-02,14:45:00,87.5456
ABBV,2020-11-02,14:50:00,87.555
ABBV,2020-11-02,14:55:00,87.5625
ABBV,2020-11-02,15:00:00,87.5703
ABBV,2020-11-02,15:05:00,87.5784
ABBV,2020-11-02,15:10:00,87.5841
ABBV,2020-11-02,15:15:00,87.5907
ABBV,2020-11-02,15:20:00,87.605
ABBV,2020-11-02,15:25:00,87.6142
ABBV,2020-11-02,15:30:00,87.6281
ABBV,2020-11-02,15:35:00,87.6405
ABBV,2020-11-02,15:40:00,87.6514
ABBV,2020-11-02,15:45:00,87.6569
ABBV,2020-11-02,15:50:00,87.6656
ABBV,2020-11-02,15:55:00,87.6861
ABBV,2020-11-02,16:00:00,87.7245
ABBV,2020-11-02,16:05:00,87.7326
ABBV,2020-11-02,16:10:00,87.7326
ABBV,2020-11-02,16:15:00,87.7333
ABBV,2020-11-02,16:20:00,87.7337
ABBV,2020-11-02,16:25:00,87.7337
ABBV,2020-11-02,16:35:00,87.7337
ABBV,2020-11-02,16:45:00,87.7337
ABBV,2020-11-02,17:35:00,87.7337
ABBV,2020-11-02,17:45:00,87.7337
ABBV,2020-11-02,18:15:00,87.7337
ABBV,2020-11-02,18:25:00,87.7338
ABBV,2020-11-02,18:30:00,87.7338
ABBV,2020-11-02,18:45:00,87.7338
ABBV,2020-11-02,18:55:00,87.7338
ABBV,2020-11-02,19:30:00,87.7338
ABBV,2020-11-02,19:45:00,87.7338
ABBV,2020-11-02,20:00:00,87.7338
ABBV,2020-11-03,05:50:00,88.8867
ABBV,2020-11-03,07:00:00,88.8586
ABBV,2020-11-03,07:05:00,88.8047
ABBV,2020-11-03,07:10:00,88.8129
ABBV,2020-11-03,07:20:00,88.8178
ABBV,2020-11-03,07:30:00,88.8327
ABBV,2020-11-03,07:35:00,88.8471
ABBV,2020-11-03,07:40:00,88.8494
ABBV,2020-11-03,08:05:00,88.9151
ABBV,2020-11-03,08:10:00,88.9233
ABBV,2020-11-03,08:15:00,88.9297
ABBV,2020-11-03,08:20:00,88.9336
ABBV,2020-11-03,08:40:00,88.9343
ABBV,2020-11-03,08:45:00,88.9349
ABBV,2020-11-03,08:50:00,88.9372
ABBV,2020-11-03,08:55:00,88.9401
ABBV,2020-11-03,09:00:00,88.9527
ABBV,2020-11-03,09:10:00,88.9622
ABBV,2020-11-03,09:15:00,88.9639
ABBV,2020-11-03,09:20:00,88.9649
ABBV,2020-11-03,09:25:00,88.9652
ABBV,2020-11-03,09:30:00,88.9649
ABBV,2020-11-03,09:35:00,88.8575
ABBV,2020-11-03,09:40:00,88.6888
ABBV,2020-11-03,09:45:00,88.6259
ABBV,2020-11-03,09:50:00,88.6362
ABBV,2020-11-03,09:55:00,88.6656
ABBV,2020-11-03,10:00:00,88.6943
ABBV,2020-11-03,10:05:00,88.7252
ABBV,2020-11-03,10:10:00,88.7544
ABBV,2020-11-03,10:15:00,88.7569
ABBV,2020-11-03,10:20:00,88.7925
ABBV,2020-11-03,10:25:00,88.8107
ABBV,2020-11-03,10:30:00,88.8165
ABBV,2020-11-03,10:35:00,88.807
ABBV,2020-11-03,10:40:00,88.7977
ABBV,2020-11-03,10:45:00,88.7874
ABBV,2020-11-03,10:50:00,88.7772
ABBV,2020-11-03,10:55:00,88.7757
ABBV,2020-11-03,11:00:00,88.7714
ABBV,2020-11-03,11:05:00,88.763
ABBV,2020-11-03,11:10:00,88.7445
ABBV,2020-11-03,11:15:00,88.7262
ABBV,2020-11-03,11:20:00,88.7053
ABBV,2020-11-03,11:25:00,88.6896
ABBV,2020-11-03,11:30:00,88.6881
ABBV,2020-11-03,11:35:00,88.6897
ABBV,2020-11-03,11:40:00,88.6948
ABBV,2020-11-03,11:45:00,88.6964
ABBV,2020-11-03,11:50:00,88.6945
ABBV,2020-11-03,11:55:00,88.6923
ABBV,2020-11-03,12:00:00,88.6864
ABBV,2020-11-03,12:05:00,88.6772
ABBV,2020-11-03,12:10:00,88.6686
ABBV,2020-11-03,12:15:00,88.6559
ABBV,2020-11-03,12:20:00,88.6491
ABBV,2020-11-03,12:25:00,88.6357
ABBV,2020-11-03,12:30:00,88.6227
ABBV,2020-11-03,12:35:00,88.6166
ABBV,2020-11-03,12:40:00,88.6114
ABBV,2020-11-03,12:45:00,88.6014
ABBV,2020-11-03,12:50:00,88.592
ABBV,2020-11-03,12:55:00,88.5809
ABBV,2020-11-03,13:00:00,88.5646
ABBV,2020-11-03,13:05:00,88.5522
ABBV,2020-11-03,13:10:00,88.542
ABBV,2020-11-03,13:15:00,88.5351
ABBV,2020-11-03,13:20:00,88.5281
ABBV,2020-11-03,13:25:00,88.5176
ABBV,2020-11-03,13:30:00,88.5064
ABBV,2020-11-03,13:35:00,88.4915
ABBV,2020-11-03,13:40:00,88.481
ABBV,2020-11-03,13:45:00,88.475
ABBV,2020-11-03,13:50:00,88.4656
ABBV,2020-11-03,13:55:00,88.4602
ABBV,2020-11-03,14:00:00,88.4514
ABBV,2020-11-03,14:05:00,88.4432
ABBV,2020-11-03,14:10:00,88.4368
ABBV,2020-11-03,14:15:00,88.4265
ABBV,2020-11-03,14:20:00,88.4183
ABBV,2020-11-03,14:25:00,88.4085
ABBV,2020-11-03,14:30:00,88.398
ABBV,2020-11-03,14:35:00,88.3874
ABBV,2020-11-03,14:40:00,88.3807
ABBV,2020-11-03,14:45:00,88.3718
ABBV,2020-11-03,14:50:00,88.3646
ABBV,2020-11-03,14:55:00,88.3598
ABBV,2020-11-03,15:00:00,88.3563
ABBV,2020-11-03,15:05:00,88.3499
ABBV,2020-11-03,15:10:00,88.344
ABBV,2020-11-03,15:15:00,88.3388
ABBV,2020-11-03,15:20:00,88.3349
ABBV,2020-11-03,15:25:00,88.3291
ABBV,2020-11-03,15:30:00,88.3245
ABBV,2020-11-03,15:35:00,88.3233
ABBV,2020-11-03,15:40:00,88.3235
ABBV,2020-11-03,15:45:00,88.323
ABBV,2020-11-03,15:50:00,88.3233
ABBV,2020-11-03,15:55:00,88.3262
ABBV,2020-11-03,16:00:00,88.3165
ABBV,2020-11-03,16:05:00,88.3158
ABBV,2020-11-03,16:10:00,88.3122
ABBV,2020-11-03,16:15:00,88.3122
ABBV,2020-11-03,16:30:00,88.3121
ABBV,2020-11-03,18:15:00,88.3121
ABBV,2020-11-03,18:25:00,88.3121
ABBV,2020-11-03,18:30:00,88.3121
ABBV,2020-11-03,18:45:00,88.3121
ABBV,2020-11-03,19:30:00,88.3121
ABBV,2020-11-03,19:45:00,88.3122
ABBV,2020-11-03,19:50:00,88.3122
