,MMM,algo_volatility,algorithm_period_return,alpha,benchmark_period_return,benchmark_volatility,beta,capital_used,ending_cash,ending_exposure,ending_value,excess_return,gross_leverage,long_exposure,long_mavg,long_value,longs_count,max_drawdown,max_leverage,net_leverage,orders,period_close,period_label,period_open,pnl,portfolio_value,positions,returns,sharpe,short_exposure,short_mavg,short_value,shorts_count,sortino,starting_cash,starting_exposure,starting_value,trading_days,transactions,treasury_period_return
2020-06-16 20:00:00+00:00,,,0.0,,0.0,,,0.0,100000.0,0.0,0.0,0.0,0.0,0.0,,0.0,0,0.0,0.0,0.0,[],2020-06-16 20:00:00+00:00,2020-06,2020-06-16 13:31:00+00:00,0.0,100000.0,[],0.0,,0.0,,0.0,0,,100000.0,0.0,0.0,1,[],0.0
2020-06-17 20:00:00+00:00,,0.0,0.0,,0.0,0.0,,0.0,100000.0,0.0,0.0,0.0,0.0,0.0,,0.0,0,0.0,0.0,0.0,[],2020-06-17 20:00:00+00:00,2020-06,2020-06-17 13:31:00+00:00,0.0,100000.0,[],0.0,,0.0,,0.0,0,,100000.0,0.0,0.0,2,[],0.0
2020-06-18 20:00:00+00:00,,0.0,0.0,,0.0,0.0,,0.0,100000.0,0.0,0.0,0.0,0.0,0.0,,0.0,0,0.0,0.0,0.0,[],2020-06-18 20:00:00+00:00,2020-06,2020-06-18 13:31:00+00:00,0.0,100000.0,[],0.0,,0.0,,0.0,0,,100000.0,0.0,0.0,3,[],0.0
2020-06-19 20:00:00+00:00,,0.0,0.0,,0.0,0.0,,0.0,100000.0,0.0,0.0,0.0,0.0,0.0,,0.0,0,0.0,0.0,0.0,[],2020-06-19 20:00:00+00:00,2020-06,2020-06-19 13:31:00+00:00,0.0,100000.0,[],0.0,,0.0,,0.0,0,,100000.0,0.0,0.0,4,[],0.0
2020-06-22 20:00:00+00:00,,0.0,0.0,,0.0,0.0,,0.0,100000.0,0.0,0.0,0.0,0.0,0.0,,0.0,0,0.0,0.0,0.0,[],2020-06-22 20:00:00+00:00,2020-06,2020-06-22 13:31:00+00:00,0.0,100000.0,[],0.0,,0.0,,0.0,0,,100000.0,0.0,0.0,5,[],0.0
2020-06-23 20:00:00+00:00,,0.0,0.0,,0.0,0.0,,0.0,100000.0,0.0,0.0,0.0,0.0,0.0,,0.0,0,0.0,0.0,0.0,[],2020-06-23 20:00:00+00:00,2020-06,2020-06-23 13:31:00+00:00,0.0,100000.0,[],0.0,,0.0,,0.0,0,,100000.0,0.0,0.0,6,[],0.0
2020-06-24 20:00:00+00:00,,0.0,0.0,,0.0,0.0,,0.0,100000.0,0.0,0.0,0.0,0.0,0.0,,0.0,0,0.0,0.0,0.0,[],2020-06-24 20:00:00+00:00,2020-06,2020-06-24 13:31:00+00:00,0.0,100000.0,[],0.0,,0.0,,0.0,0,,100000.0,0.0,0.0,7,[],0.0
2020-06-25 20:00:00+00:00,,0.0,0.0,,0.0,0.0,,0.0,100000.0,0.0,0.0,0.0,0.0,0.0,,0.0,0,0.0,0.0,0.0,[],2020-06-25 20:00:00+00:00,2020-06,2020-06-25 13:31:00+00:00,0.0,100000.0,[],0.0,,0.0,,0.0,0,,100000.0,0.0,0.0,8,[],0.0
2020-06-26 20:00:00+00:00,,0.0,0.0,,0.0,0.0,,0.0,100000.0,0.0,0.0,0.0,0.0,0.0,,0.0,0,0.0,0.0,0.0,[],2020-06-26 20:00:00+00:00,2020-06,2020-06-26 13:31:00+00:00,0.0,100000.0,[],0.0,,0.0,,0.0,0,,100000.0,0.0,0.0,9,[],0.0
2020-06-29 20:00:00+00:00,,0.0,0.0,,0.0,0.0,,0.0,100000.0,0.0,0.0,0.0,0.0,0.0,,0.0,0,0.0,0.0,0.0,[],2020-06-29 20:00:00+00:00,2020-06,2020-06-29 13:31:00+00:00,0.0,100000.0,[],0.0,,0.0,,0.0,0,,100000.0,0.0,0.0,10,[],0.0
2020-06-30 20:00:00+00:00,,0.0,0.0,,0.0,0.0,,0.0,100000.0,0.0,0.0,0.0,0.0,0.0,,0.0,0,0.0,0.0,0.0,[],2020-06-30 20:00:00+00:00,2020-06,2020-06-30 13:31:00+00:00,0.0,100000.0,[],0.0,,0.0,,0.0,0,,100000.0,0.0,0.0,11,[],0.0
2020-07-01 20:00:00+00:00,,0.0,0.0,,0.0,0.0,,0.0,100000.0,0.0,0.0,0.0,0.0,0.0,,0.0,0,0.0,0.0,0.0,[],2020-07-01 20:00:00+00:00,2020-07,2020-07-01 13:31:00+00:00,0.0,100000.0,[],0.0,,0.0,,0.0,0,,100000.0,0.0,0.0,12,[],0.0
2020-07-02 20:00:00+00:00,,0.0,0.0,,0.0,0.0,,0.0,100000.0,0.0,0.0,0.0,0.0,0.0,,0.0,0,0.0,0.0,0.0,[],2020-07-02 20:00:00+00:00,2020-07,2020-07-02 13:31:00+00:00,0.0,100000.0,[],0.0,,0.0,,0.0,0,,100000.0,0.0,0.0,13,[],0.0
2020-07-06 20:00:00+00:00,,0.0,0.0,,0.0,0.0,,0.0,100000.0,0.0,0.0,0.0,0.0,0.0,,0.0,0,0.0,0.0,0.0,[],2020-07-06 20:00:00+00:00,2020-07,2020-07-06 13:31:00+00:00,0.0,100000.0,[],0.0,,0.0,,0.0,0,,100000.0,0.0,0.0,14,[],0.0
2020-07-07 20:00:00+00:00,,0.0,0.0,,0.0,0.0,,0.0,100000.0,0.0,0.0,0.0,0.0,0.0,,0.0,0,0.0,0.0,0.0,[],2020-07-07 20:00:00+00:00,2020-07,2020-07-07 13:31:00+00:00,0.0,100000.0,[],0.0,,0.0,,0.0,0,,100000.0,0.0,0.0,15,[],0.0
2020-07-08 20:00:00+00:00,,0.0,0.0,,0.0,0.0,,0.0,100000.0,0.0,0.0,0.0,0.0,0.0,,0.0,0,0.0,0.0,0.0,[],2020-07-08 20:00:00+00:00,2020-07,2020-07-08 13:31:00+00:00,0.0,100000.0,[],0.0,,0.0,,0.0,0,,100000.0,0.0,0.0,16,[],0.0
2020-07-09 20:00:00+00:00,,0.0,0.0,,0.0,0.0,,0.0,100000.0,0.0,0.0,0.0,0.0,0.0,,0.0,0,0.0,0.0,0.0,[],2020-07-09 20:00:00+00:00,2020-07,2020-07-09 13:31:00+00:00,0.0,100000.0,[],0.0,,0.0,,0.0,0,,100000.0,0.0,0.0,17,[],0.0
2020-07-10 20:00:00+00:00,,0.0,0.0,,0.0,0.0,,0.0,100000.0,0.0,0.0,0.0,0.0,0.0,,0.0,0,0.0,0.0,0.0,[],2020-07-10 20:00:00+00:00,2020-07,2020-07-10 13:31:00+00:00,0.0,100000.0,[],0.0,,0.0,,0.0,0,,100000.0,0.0,0.0,18,[],0.0
2020-07-13 20:00:00+00:00,,0.0,0.0,,0.0,0.0,,0.0,100000.0,0.0,0.0,0.0,0.0,0.0,,0.0,0,0.0,0.0,0.0,[],2020-07-13 20:00:00+00:00,2020-07,2020-07-13 13:31:00+00:00,0.0,100000.0,[],0.0,,0.0,,0.0,0,,100000.0,0.0,0.0,19,[],0.0
2020-07-14 20:00:00+00:00,,0.0,0.0,,0.0,0.0,,0.0,100000.0,0.0,0.0,0.0,0.0,0.0,,0.0,0,0.0,0.0,0.0,[],2020-07-14 20:00:00+00:00,2020-07,2020-07-14 13:31:00+00:00,0.0,100000.0,[],0.0,,0.0,,0.0,0,,100000.0,0.0,0.0,20,[],0.0
2020-07-15 20:00:00+00:00,,0.0,0.0,,0.0,0.0,,0.0,100000.0,0.0,0.0,0.0,0.0,0.0,,0.0,0,0.0,0.0,0.0,[],2020-07-15 20:00:00+00:00,2020-07,2020-07-15 13:31:00+00:00,0.0,100000.0,[],0.0,,0.0,,0.0,0,,100000.0,0.0,0.0,21,[],0.0
2020-07-16 20:00:00+00:00,,0.0,0.0,,0.0,0.0,,0.0,100000.0,0.0,0.0,0.0,0.0,0.0,,0.0,0,0.0,0.0,0.0,[],2020-07-16 20:00:00+00:00,2020-07,2020-07-16 13:31:00+00:00,0.0,100000.0,[],0.0,,0.0,,0.0,0,,100000.0,0.0,0.0,22,[],0.0
2020-07-17 20:00:00+00:00,,0.0,0.0,,0.0,0.0,,0.0,100000.0,0.0,0.0,0.0,0.0,0.0,,0.0,0,0.0,0.0,0.0,[],2020-07-17 20:00:00+00:00,2020-07,2020-07-17 13:31:00+00:00,0.0,100000.0,[],0.0,,0.0,,0.0,0,,100000.0,0.0,0.0,23,[],0.0
2020-07-20 20:00:00+00:00,,0.0,0.0,,0.0,0.0,,0.0,100000.0,0.0,0.0,0.0,0.0,0.0,,0.0,0,0.0,0.0,0.0,[],2020-07-20 20:00:00+00:00,2020-07,2020-07-20 13:31:00+00:00,0.0,100000.0,[],0.0,,0.0,,0.0,0,,100000.0,0.0,0.0,24,[],0.0
2020-07-21 20:00:00+00:00,,0.0,0.0,,0.0,0.0,,0.0,100000.0,0.0,0.0,0.0,0.0,0.0,,0.0,0,0.0,0.0,0.0,[],2020-07-21 20:00:00+00:00,2020-07,2020-07-21 13:31:00+00:00,0.0,100000.0,[],0.0,,0.0,,0.0,0,,100000.0,0.0,0.0,25,[],0.0
2020-07-22 20:00:00+00:00,,0.0,0.0,,0.0,0.0,,0.0,100000.0,0.0,0.0,0.0,0.0,0.0,,0.0,0,0.0,0.0,0.0,[],2020-07-22 20:00:00+00:00,2020-07,2020-07-22 13:31:00+00:00,0.0,100000.0,[],0.0,,0.0,,0.0,0,,100000.0,0.0,0.0,26,[],0.0
2020-07-23 20:00:00+00:00,,0.0,0.0,,0.0,0.0,,0.0,100000.0,0.0,0.0,0.0,0.0,0.0,,0.0,0,0.0,0.0,0.0,[],2020-07-23 20:00:00+00:00,2020-07,2020-07-23 13:31:00+00:00,0.0,100000.0,[],0.0,,0.0,,0.0,0,,100000.0,0.0,0.0,27,[],0.0
2020-07-24 20:00:00+00:00,,0.0,0.0,,0.0,0.0,,0.0,100000.0,0.0,0.0,0.0,0.0,0.0,,0.0,0,0.0,0.0,0.0,[],2020-07-24 20:00:00+00:00,2020-07,2020-07-24 13:31:00+00:00,0.0,100000.0,[],0.0,,0.0,,0.0,0,,100000.0,0.0,0.0,28,[],0.0
2020-07-27 20:00:00+00:00,,0.0,0.0,,0.0,0.0,,0.0,100000.0,0.0,0.0,0.0,0.0,0.0,,0.0,0,0.0,0.0,0.0,[],2020-07-27 20:00:00+00:00,2020-07,2020-07-27 13:31:00+00:00,0.0,100000.0,[],0.0,,0.0,,0.0,0,,100000.0,0.0,0.0,29,[],0.0
2020-07-28 20:00:00+00:00,155.33,0.0,0.0,,0.0,0.0,,0.0,100000.0,0.0,0.0,0.0,0.0,0.0,156.98666666666668,0.0,0,0.0,0.0,0.0,"[{'id': '206bfe3ce9ef44839c9c44beff71becf', 'dt': Timestamp('2020-07-28 20:00:00+0000', tz='UTC'), 'reason': None, 'created': Timestamp('2020-07-28 20:00:00+0000', tz='UTC'), 'amount': 100, 'filled': 0, 'commission': 0, 'stop': None, 'limit': None, 'stop_reached': False, 'limit_reached': False, 'sid': Equity(4 [MMM]), 'status': 0}]",2020-07-28 20:00:00+00:00,2020-07,2020-07-28 13:31:00+00:00,0.0,100000.0,[],0.0,,0.0,159.024,0.0,0,,100000.0,0.0,0.0,30,[],0.0
2020-07-29 20:00:00+00:00,156.25,0.0002255969098323265,-7.912500000006872e-05,,0.0,0.0,,-15632.9125,84367.0875,15625.0,15625.0,0.0,0.15626236425957205,15625.0,156.87266666666665,15625.0,1,-7.91250000000332e-05,0.15626236425957205,0.15626236425957205,"[{'id': '206bfe3ce9ef44839c9c44beff71becf', 'dt': Timestamp('2020-07-29 20:00:00+0000', tz='UTC'), 'reason': None, 'created': Timestamp('2020-07-28 20:00:00+0000', tz='UTC'), 'amount': 100, 'filled': 100, 'commission': 0.1, 'stop': None, 'limit': None, 'stop_reached': False, 'limit_reached': False, 'sid': Equity(4 [MMM]), 'status': 1}]",2020-07-29 20:00:00+00:00,2020-07,2020-07-29 13:31:00+00:00,-7.912500000005821,99992.0875,"[{'sid': Equity(4 [MMM]), 'amount': 100, 'cost_basis': 156.329125, 'last_sale_price': 156.25}]",-7.912500000006872e-05,-2.8511457798689492,0.0,158.71599999999998,0.0,0,-2.851145779868949,100000.0,0.0,0.0,31,"[{'amount': 100, 'dt': Timestamp('2020-07-29 20:00:00+0000', tz='UTC'), 'price': 156.328125, 'order_id': '206bfe3ce9ef44839c9c44beff71becf', 'sid': Equity(4 [MMM]), 'commission': None}]",0.0
2020-07-30 20:00:00+00:00,152.12,0.011585663923359236,-0.004209125000000036,,0.0,0.0,,0.0,84367.0875,15212.0,15212.0,0.0,0.1527629985562983,15212.0,156.636,15212.0,1,-0.004209125,0.15626236425957205,0.1527629985562983,[],2020-07-30 20:00:00+00:00,2020-07,2020-07-30 13:31:00+00:00,-413.0,99579.0875,"[{'sid': Equity(4 [MMM]), 'amount': 100, 'cost_basis': 156.329125, 'last_sale_price': 152.12}]",-0.004130326812109009,-2.86124586727589,0.0,157.878,0.0,0,-2.859477804664255,84367.0875,15625.0,15625.0,32,[],0.0
2020-07-31 20:00:00+00:00,150.47,0.012157397261498412,-0.005859125000000076,,0.0,0.0,,0.0,84367.0875,15047.0,15047.0,0.0,0.15135681851930693,15047.0,156.34466666666668,15047.0,1,-0.005859125000000063,0.15626236425957205,0.15135681851930693,[],2020-07-31 20:00:00+00:00,2020-07,2020-07-31 13:31:00+00:00,-165.0,99414.0875,"[{'sid': Equity(4 [MMM]), 'amount': 100, 'cost_basis': 156.329125, 'last_sale_price': 150.47}]",-0.0016569744124237396,-3.684848239540953,0.0,156.94199999999998,0.0,0,-3.6421603446370643,84367.0875,15212.0,15212.0,33,[],0.0
2020-08-03 20:00:00+00:00,150.41,0.01197604418366717,-0.005919125000000025,,0.0,0.0,,0.0,84367.0875,15041.0,15041.0,0.0,0.15130559674030547,15041.0,156.08666666666667,15041.0,1,-0.005919125000000065,0.15626236425957205,0.15130559674030547,[],2020-08-03 20:00:00+00:00,2020-08,2020-08-03 13:31:00+00:00,-6.0,99408.0875,"[{'sid': Equity(4 [MMM]), 'amount': 100, 'cost_basis': 156.329125, 'last_sale_price': 150.41}]",-6.035361940026629e-05,-3.6679805946864037,0.0,156.346,0.0,0,-3.624781506414214,84367.0875,15047.0,15047.0,34,[],0.0
2020-08-04 20:00:00+00:00,151.21,0.012087561544351106,-0.005119125000000002,,0.0,0.0,,0.0,84367.0875,15121.0,15121.0,0.0,0.15198804580498143,15121.0,155.904,15121.0,1,-0.005919125000000065,0.15626236425957205,0.15198804580498143,"[{'id': '411c453e225f4e89b5b3eb2b9f4d3624', 'dt': Timestamp('2020-08-04 20:00:00+0000', tz='UTC'), 'reason': None, 'created': Timestamp('2020-08-04 20:00:00+0000', tz='UTC'), 'amount': -100, 'filled': 0, 'commission': 0, 'stop': None, 'limit': None, 'stop_reached': False, 'limit_reached': False, 'sid': Equity(4 [MMM]), 'status': 0}]",2020-08-04 20:00:00+00:00,2020-08,2020-08-04 13:31:00+00:00,80.0,99488.0875,"[{'sid': Equity(4 [MMM]), 'amount': 100, 'cost_basis': 156.329125, 'last_sale_price': 151.21}]",0.0008047634957266681,-3.0509476681275447,0.0,155.68700000000004,0.0,0,-3.0875175494902236,84367.0875,15041.0,15041.0,35,[],0.0
2020-08-05 20:00:00+00:00,155.35,0.016343193509989775,-0.0010578000000001087,,0.0,0.0,,15527.1325,99894.21999999999,0.0,0.0,0.0,0.0,0.0,155.821,0.0,0,-0.005919125000000065,0.15626236425957205,0.0,"[{'id': '411c453e225f4e89b5b3eb2b9f4d3624', 'dt': Timestamp('2020-08-05 20:00:00+0000', tz='UTC'), 'reason': None, 'created': Timestamp('2020-08-04 20:00:00+0000', tz='UTC'), 'amount': -100, 'filled': -100, 'commission': 0.1, 'stop': None, 'limit': None, 'stop_reached': False, 'limit_reached': False, 'sid': Equity(4 [MMM]), 'status': 1}]",2020-08-05 20:00:00+00:00,2020-08,2020-08-05 13:31:00+00:00,406.13249999999243,99894.21999999999,[],0.004082222406778024,-0.4453571198034043,0.0,155.351,0.0,0,-0.6180143067236425,84367.0875,15121.0,15121.0,36,"[{'amount': -100, 'dt': Timestamp('2020-08-05 20:00:00+0000', tz='UTC'), 'price': 155.272325, 'order_id': '411c453e225f4e89b5b3eb2b9f4d3624', 'sid': Equity(4 [MMM]), 'commission': None}]",0.0
2020-08-06 20:00:00+00:00,156.0,0.016114782412795056,-0.0010578000000001087,,0.0,0.0,,0.0,99894.21999999999,0.0,0.0,0.0,0.0,0.0,155.947,0.0,0,-0.005919125000000065,0.15626236425957205,0.0,[],2020-08-06 20:00:00+00:00,2020-08,2020-08-06 13:31:00+00:00,0.0,99894.21999999999,[],0.0,-0.4394623294245117,0.0,155.022,0.0,0,-0.6096055569935358,99894.21999999999,0.0,0.0,37,[],0.0
2020-08-07 20:00:00+00:00,158.33,0.01589568819658613,-0.0010578000000001087,,0.0,0.0,,0.0,99894.21999999999,0.0,0.0,0.0,0.0,0.0,156.06899999999996,0.0,0,-0.005919125000000065,0.15626236425957205,0.0,[],2020-08-07 20:00:00+00:00,2020-08,2020-08-07 13:31:00+00:00,0.0,99894.21999999999,[],0.0,-0.4337953491726561,0.0,154.87099999999998,0.0,0,-0.6015309546951136,99894.21999999999,0.0,0.0,38,[],0.0
2020-08-10 20:00:00+00:00,161.44,0.015685294204672698,-0.0010578000000001087,,0.0,0.0,,0.0,99894.21999999999,0.0,0.0,0.0,0.0,0.0,156.3663333333333,0.0,0,-0.005919125000000065,0.15626236425957205,0.0,[],2020-08-10 20:00:00+00:00,2020-08,2020-08-10 13:31:00+00:00,0.0,99894.21999999999,[],0.0,-0.4283418887108095,0.0,154.691,0.0,0,-0.5937689397647264,99894.21999999999,0.0,0.0,39,[],0.0
2020-08-11 20:00:00+00:00,163.38,0.015483039449902675,-0.0010578000000001087,,0.0,0.0,,0.0,99894.21999999999,0.0,0.0,0.0,0.0,0.0,156.62666666666664,0.0,0,-0.005919125000000065,0.15626236425957205,0.0,[],2020-08-11 20:00:00+00:00,2020-08,2020-08-11 13:31:00+00:00,0.0,99894.21999999999,[],0.0,-0.42308888071973755,0.0,155.496,0.0,0,-0.586299850744987,99894.21999999999,0.0,0.0,40,[],0.0
2020-08-12 20:00:00+00:00,164.26,0.015288412315299307,-0.0010578000000001087,,0.0,0.0,,0.0,99894.21999999999,0.0,0.0,0.0,0.0,0.0,156.90233333333333,0.0,0,-0.005919125000000065,0.15626236425957205,0.0,[],2020-08-12 20:00:00+00:00,2020-08,2020-08-12 13:31:00+00:00,0.0,99894.21999999999,[],0.0,-0.418024349671232,0.0,156.297,0.0,0,-0.5791057150920607,99894.21999999999,0.0,0.0,41,[],0.0
2020-08-13 20:00:00+00:00,165.86,0.015100945104581261,-0.0010578000000001087,,0.0,0.0,,0.0,99894.21999999999,0.0,0.0,0.0,0.0,0.0,157.24999999999997,0.0,0,-0.005919125000000065,0.15626236425957205,0.0,"[{'id': 'dfc4d5c0a3a74c2aba0a58e5e4f83b7d', 'dt': Timestamp('2020-08-13 20:00:00+0000', tz='UTC'), 'reason': None, 'created': Timestamp('2020-08-13 20:00:00+0000', tz='UTC'), 'amount': 100, 'filled': 0, 'commission': 0, 'stop': None, 'limit': None, 'stop_reached': False, 'limit_reached': False, 'sid': Equity(4 [MMM]), 'status': 0}]",2020-08-13 20:00:00+00:00,2020-08,2020-08-13 13:31:00+00:00,0.0,99894.21999999999,[],0.0,-0.41313729739191324,0.0,157.671,0.0,0,-0.572170067111747,99894.21999999999,0.0,0.0,42,[],0.0
2020-08-14 20:00:00+00:00,166.1,0.014920781455218966,-0.0011418500000001108,,0.0,0.0,,-16618.404999999995,83275.81499999999,16610.0,16610.0,0.0,0.16628987809730542,16610.0,157.552,16610.0,1,-0.005919125000000065,0.16628987809730542,0.16628987809730542,"[{'id': 'dfc4d5c0a3a74c2aba0a58e5e4f83b7d', 'dt': Timestamp('2020-08-14 20:00:00+0000', tz='UTC'), 'reason': None, 'created': Timestamp('2020-08-13 20:00:00+0000', tz='UTC'), 'amount': 100, 'filled': 100, 'commission': 0.1, 'stop': None, 'limit': None, 'stop_reached': False, 'limit_reached': False, 'sid': Equity(4 [MMM]), 'status': 1}]",2020-08-14 20:00:00+00:00,2020-08,2020-08-14 13:31:00+00:00,-8.404999999998836,99885.81499999999,"[{'sid': Equity(4 [MMM]), 'amount': 100, 'cost_basis': 166.18404999999996, 'last_sale_price': 166.1}]",-8.413900223658288e-05,-0.4414493858216466,0.0,159.23399999999998,0.0,0,-0.6111264815443972,99894.21999999999,0.0,0.0,43,"[{'amount': 100, 'dt': Timestamp('2020-08-14 20:00:00+0000', tz='UTC'), 'price': 166.18304999999998, 'order_id': 'dfc4d5c0a3a74c2aba0a58e5e4f83b7d', 'sid': Equity(4 [MMM]), 'commission': None}]",0.0
2020-08-17 20:00:00+00:00,164.71,0.015103990682896204,-0.002531850000000113,,0.0,0.0,,0.0,83275.81499999999,16471.0,16471.0,0.0,0.16512807952815337,16471.0,157.7723333333333,16471.0,1,-0.005919125000000065,0.16628987809730542,0.16512807952815337,[],2020-08-17 20:00:00+00:00,2020-08,2020-08-17 13:31:00+00:00,-139.0,99746.81499999999,"[{'sid': Equity(4 [MMM]), 'amount': 100, 'cost_basis': 166.18404999999996, 'last_sale_price': 164.71}]",-0.0013915889858835406,-0.9538591783080405,0.0,160.664,0.0,0,-1.2905828902822731,83275.81499999999,16610.0,16610.0,44,[],0.0
2020-08-18 20:00:00+00:00,164.38,0.014945405748840864,-0.0028618500000001657,,0.0,0.0,,0.0,83275.81499999999,16438.0,16438.0,0.0,0.1648517810696542,16438.0,158.09099999999998,16438.0,1,-0.005919125000000065,0.16628987809730542,0.1648517810696542,[],2020-08-18 20:00:00+00:00,2020-08,2020-08-18 13:31:00+00:00,-33.0,99713.81499999999,"[{'sid': Equity(4 [MMM]), 'amount': 100, 'cost_basis': 166.18404999999996, 'last_sale_price': 164.38}]",-0.0003308376312567418,-1.0665226363456664,0.0,161.981,0.0,0,-1.4403832113445205,83275.81499999999,16471.0,16471.0,45,[],0.0
2020-08-19 20:00:00+00:00,163.97,0.014800832192809867,-0.003271850000000187,,0.0,0.0,,0.0,83275.81499999999,16397.0,16397.0,0.0,0.16450824630567523,16397.0,158.404,16397.0,1,-0.005919125000000065,0.16628987809730542,0.16450824630567523,[],2020-08-19 20:00:00+00:00,2020-08,2020-08-19 13:31:00+00:00,-41.0,99672.81499999999,"[{'sid': Equity(4 [MMM]), 'amount': 100, 'cost_basis': 166.18404999999996, 'last_sale_price': 163.97}]",-0.0004111767261136823,-1.205718255523907,0.0,162.84300000000002,0.0,0,-1.6241739700330888,83275.81499999999,16438.0,16438.0,46,[],0.0
2020-08-20 20:00:00+00:00,162.97,0.014797443238993976,-0.004271850000000188,,0.0,0.0,,0.0,83275.81499999999,16297.0,16297.0,0.0,0.16366917014448173,16297.0,158.788,16297.0,1,-0.005919125000000065,0.16628987809730542,0.16366917014448173,[],2020-08-20 20:00:00+00:00,2020-08,2020-08-20 13:31:00+00:00,-100.0,99572.81499999999,"[{'sid': Equity(4 [MMM]), 'amount': 100, 'cost_basis': 166.18404999999996, 'last_sale_price': 162.97}]",-0.0010032825901425957,-1.543864116911191,0.0,163.54000000000002,0.0,0,-2.0552645073583644,83275.81499999999,16397.0,16397.0,47,[],0.0
2020-08-21 20:00:00+00:00,161.71,0.014884579502046325,-0.005531850000000227,,0.0,0.0,,0.0,83275.81499999999,16171.0,16171.0,0.0,0.16260953153703317,16171.0,157.69703333333334,16171.0,1,-0.005919125000000065,0.16628987809730542,0.16260953153703317,[],2020-08-21 20:00:00+00:00,2020-08,2020-08-21 13:31:00+00:00,-126.0,99446.81499999999,"[{'sid': Equity(4 [MMM]), 'amount': 100, 'cost_basis': 166.18404999999996, 'last_sale_price': 161.71}]",-0.0012654056230106958,-1.9491769063002793,0.0,162.54559999999998,0.0,0,-2.550607573296669,83275.81499999999,16297.0,16297.0,48,[],0.0
2020-08-24 20:00:00+00:00,163.53,0.015375165010991548,-0.003711850000000294,,0.0,0.0,,0.0,83275.81499999999,16353.0,16353.0,0.0,0.1641392603133943,16353.0,158.03456666666665,16353.0,1,-0.005919125000000065,0.16628987809730542,0.1641392603133943,[],2020-08-24 20:00:00+00:00,2020-08,2020-08-24 13:31:00+00:00,182.0,99628.81499999999,"[{'sid': Equity(4 [MMM]), 'amount': 100, 'cost_basis': 166.18404999999996, 'last_sale_price': 163.53}]",0.0018301239712905648,-1.236313040645343,0.0,162.90019999999998,0.0,0,-1.6884238357085624,83275.81499999999,16171.0,16171.0,49,[],0.0
2020-08-25 20:00:00+00:00,163.1,0.0152384599554621,-0.0041418500000003355,,0.0,0.0,,0.0,83275.81499999999,16310.0,16310.0,0.0,0.16377834533964503,16310.0,158.23423333333332,16310.0,1,-0.005919125000000065,0.16628987809730542,0.16377834533964503,[],2020-08-25 20:00:00+00:00,2020-08,2020-08-25 13:31:00+00:00,-43.0,99585.81499999999,"[{'sid': Equity(4 [MMM]), 'amount': 100, 'cost_basis': 166.18404999999996, 'last_sale_price': 163.1}]",-0.00043160204203973596,-1.365204949695916,0.0,163.0196,0.0,0,-1.8596190612444885,83275.81499999999,16353.0,16353.0,50,[],0.0
2020-08-26 20:00:00+00:00,163.9,0.015213290676636432,-0.0033418500000004236,,0.0,0.0,,0.0,83275.81499999999,16390.0,16390.0,0.0,0.16444956578140663,16390.0,158.43446666666665,16390.0,1,-0.005919125000000065,0.16628987809730542,0.16444956578140663,[],2020-08-26 20:00:00+00:00,2020-08,2020-08-26 13:31:00+00:00,80.0,99665.81499999999,"[{'sid': Equity(4 [MMM]), 'amount': 100, 'cost_basis': 166.18404999999996, 'last_sale_price': 163.9}]",0.0008033272610159514,-1.0797351742868904,0.0,163.1318,0.0,0,-1.4829467463199024,83275.81499999999,16310.0,16310.0,51,[],0.0
2020-08-27 20:00:00+00:00,164.08,0.015073116946964782,-0.0031618500000004657,,0.0,0.0,,0.0,83275.81499999999,16408.0,16408.0,0.0,0.16460044190724443,16408.0,158.60206666666664,16408.0,1,-0.005919125000000065,0.16628987809730542,0.16460044190724443,[],2020-08-27 20:00:00+00:00,2020-08,2020-08-27 13:31:00+00:00,18.0,99683.81499999999,"[{'sid': Equity(4 [MMM]), 'amount': 100, 'cost_basis': 166.18404999999996, 'last_sale_price': 164.08}]",0.00018060354997340156,-1.010753227679812,0.0,163.10340000000002,0.0,0,-1.3888326954917058,83275.81499999999,16390.0,16390.0,52,[],0.0
2020-08-28 20:00:00+00:00,165.66,0.015352633714949916,-0.0015818500000004398,,0.0,0.0,,0.0,83275.81499999999,16566.0,16566.0,0.0,0.16592246445039088,16566.0,158.84446666666665,16566.0,1,-0.005919125000000065,0.16628987809730542,0.16592246445039088,[],2020-08-28 20:00:00+00:00,2020-08,2020-08-28 13:31:00+00:00,158.0,99841.81499999999,"[{'sid': Equity(4 [MMM]), 'amount': 100, 'cost_basis': 166.18404999999996, 'last_sale_price': 165.66}]",0.0015850115688289534,-0.48274867278687433,0.0,163.2092,0.0,0,-0.6820904460347187,83275.81499999999,16408.0,16408.0,53,[],0.0
2020-08-31 20:00:00+00:00,163.02,0.016222277402414283,-0.004221850000000527,,0.0,0.0,,0.0,83275.81499999999,16302.000000000002,16302.000000000002,0.0,0.16371116397763905,16302.000000000002,159.11313333333334,16302.000000000002,1,-0.005919125000000065,0.16628987809730542,0.16371116397763905,[],2020-08-31 20:00:00+00:00,2020-08,2020-08-31 13:31:00+00:00,-264.0,99577.81499999999,"[{'sid': Equity(4 [MMM]), 'amount': 100, 'cost_basis': 166.18404999999996, 'last_sale_price': 163.02}]",-0.0026441827004046736,-1.2090616506358862,0.0,163.18880000000001,0.0,0,-1.6094828265230428,83275.81499999999,16566.0,16566.0,54,[],0.0
2020-09-01 20:00:00+00:00,164.8,0.016559951128697778,-0.0024418500000005228,,0.0,0.0,,0.0,83275.81499999999,16480.0,16480.0,0.0,0.16520340192699545,16480.0,159.39390000000003,16480.0,1,-0.005919125000000065,0.16628987809730542,0.16520340192699545,[],2020-09-01 20:00:00+00:00,2020-09,2020-09-01 13:31:00+00:00,178.0,99755.81499999999,"[{'sid': Equity(4 [MMM]), 'amount': 100, 'cost_basis': 166.18404999999996, 'last_sale_price': 164.8}]",0.001787546754264513,-0.668293393588453,0.0,163.3791,0.0,0,-0.9165090562034464,83275.81499999999,16302.000000000002,16302.000000000002,55,[],0.0
2020-09-02 20:00:00+00:00,169.51,0.019272741542869735,0.002268149999999469,,0.0,0.0,,0.0,83275.81499999999,16951.0,16951.0,0.0,0.16912639596499202,16951.0,159.80163333333337,16951.0,1,-0.005919125000000065,0.16912639596499202,0.16912639596499202,[],2020-09-02 20:00:00+00:00,2020-09,2020-09-02 13:31:00+00:00,471.0,100226.81499999999,"[{'sid': Equity(4 [MMM]), 'amount': 100, 'cost_basis': 166.18404999999996, 'last_sale_price': 169.51}]",0.004721529266238811,0.5384599309779756,0.0,164.081,0.0,0,0.8672016574645185,83275.81499999999,16480.0,16480.0,56,[],0.0
2020-09-03 20:00:00+00:00,166.31,0.02027418826665728,-0.0009318500000005114,,0.0,0.0,,0.0,83275.81499999999,16631.0,16631.0,0.0,0.16646512052255896,16631.0,160.08353333333338,16631.0,1,-0.005919125000000065,0.16912639596499202,0.16646512052255896,[],2020-09-03 20:00:00+00:00,2020-09,2020-09-03 13:31:00+00:00,-320.0,99906.81499999999,"[{'sid': Equity(4 [MMM]), 'amount': 100, 'cost_basis': 166.18404999999996, 'last_sale_price': 166.31}]",-0.003192758345159419,-0.1933402557551409,0.0,164.56199999999998,0.0,0,-0.28760202630544285,83275.81499999999,16951.0,16951.0,57,[],0.0
2020-09-04 20:00:00+00:00,165.77,0.020125325934737287,-0.0014718500000004964,,0.0,0.0,,0.0,83275.81499999999,16577.0,16577.0,0.0,0.1660143482184253,16577.0,160.3292666666667,16577.0,1,-0.005919125000000065,0.16912639596499202,0.1660143482184253,[],2020-09-04 20:00:00+00:00,2020-09,2020-09-04 13:31:00+00:00,-54.0,99852.81499999999,"[{'sid': Equity(4 [MMM]), 'amount': 100, 'cost_basis': 166.18404999999996, 'last_sale_price': 165.77}]",-0.0005405036683433506,-0.3081007962878529,0.0,164.968,0.0,0,-0.45733441021232163,83275.81499999999,16631.0,16631.0,58,[],0.0
2020-09-08 20:00:00+00:00,163.17000000000002,0.02065088803208755,-0.004071850000000432,,0.0,0.0,,0.0,83275.81499999999,16317.000000000002,16317.000000000002,0.0,0.163837120177796,16317.000000000002,160.37600000000006,16317.000000000002,1,-0.006325652471346979,0.16912639596499202,0.163837120177796,[],2020-09-08 20:00:00+00:00,2020-09,2020-09-08 13:31:00+00:00,-260.0,99592.81499999999,"[{'sid': Equity(4 [MMM]), 'amount': 100, 'cost_basis': 166.18404999999996, 'last_sale_price': 163.17000000000002}]",-0.0026038324507926536,-0.8337165632320946,0.0,164.932,0.0,0,-1.1890270517631634,83275.81499999999,16577.0,16577.0,59,[],0.0
2020-09-09 20:00:00+00:00,165.70000000000002,0.021161583587062195,-0.0015418500000005109,,0.0,0.0,,0.0,83275.81499999999,16570.0,16570.0,0.0,0.1659558790721474,16570.0,160.7683666666667,16570.0,1,-0.006325652471346979,0.16912639596499202,0.1659558790721474,[],2020-09-09 20:00:00+00:00,2020-09,2020-09-09 13:31:00+00:00,253.0,99845.81499999999,"[{'sid': Equity(4 [MMM]), 'amount': 100, 'cost_basis': 166.18404999999996, 'last_sale_price': 165.70000000000002}]",0.002540343899306352,-0.2958471044945983,0.0,165.192,0.0,0,-0.4360132432741376,83275.81499999999,16317.000000000002,16317.000000000002,60,[],0.0
2020-09-10 20:00:00+00:00,163.15,0.021604934776907402,-0.004091850000000563,,0.0,0.0,,0.0,83275.81499999999,16315.0,16315.0,0.0,0.16382032820998604,16315.0,161.04533333333336,16315.0,1,-0.00634560721100432,0.16912639596499202,0.16382032820998604,[],2020-09-10 20:00:00+00:00,2020-09,2020-09-10 13:31:00+00:00,-255.0,99590.81499999999,"[{'sid': Equity(4 [MMM]), 'amount': 100, 'cost_basis': 166.18404999999996, 'last_sale_price': 163.15}]",-0.002553937788979943,-0.773372127439494,0.0,165.11700000000002,0.0,0,-1.1023620559913667,83275.81499999999,16570.0,16570.0,61,[],0.0
2020-09-11 20:00:00+00:00,166.17000000000002,0.022319246060824357,-0.0010718500000006514,,0.0,0.0,,0.0,83275.81499999999,16617.0,16617.0,0.0,0.16634830042581142,16617.0,161.55939999999998,16617.0,1,-0.00634560721100432,0.16912639596499202,0.16634830042581142,[],2020-09-11 20:00:00+00:00,2020-09,2020-09-11 13:31:00+00:00,302.0,99892.81499999999,"[{'sid': Equity(4 [MMM]), 'amount': 100, 'cost_basis': 166.18404999999996, 'last_sale_price': 166.17000000000002}]",0.003032408159326705,-0.18432020784466877,0.0,165.32600000000002,0.0,0,-0.2736315556488452,83275.81499999999,16315.0,16315.0,62,[],0.0
2020-09-14 20:00:00+00:00,168.46,0.022614950522044704,0.0012181499999992518,,0.0,0.0,,0.0,83275.81499999999,16846.0,16846.0,0.0,0.16825504012287434,16846.0,162.2043,16846.0,1,-0.00634560721100432,0.16912639596499202,0.16825504012287434,[],2020-09-14 20:00:00+00:00,2020-09,2020-09-14 13:31:00+00:00,229.0,100121.81499999999,"[{'sid': Equity(4 [MMM]), 'amount': 100, 'cost_basis': 166.18404999999996, 'last_sale_price': 168.46}]",0.0022924571702178653,0.22645375295835124,0.0,165.60600000000002,0.0,0,0.34337075414382173,83275.81499999999,16617.0,16617.0,63,[],0.0
2020-09-15 20:00:00+00:00,166.57,0.022751980712947307,-0.0006718500000006955,,0.0,0.0,,0.0,83275.81499999999,16657.0,16657.0,0.0,0.16668198529181832,16657.0,162.7882,16657.0,1,-0.00634560721100432,0.16912639596499202,0.16668198529181832,[],2020-09-15 20:00:00+00:00,2020-09,2020-09-15 13:31:00+00:00,-189.0,99932.81499999999,"[{'sid': Equity(4 [MMM]), 'amount': 100, 'cost_basis': 166.18404999999996, 'last_sale_price': 166.57}]",-0.0018877004976387557,-0.10511610846035604,0.0,165.961,0.0,0,-0.15667864212263644,83275.81499999999,16846.0,16846.0,64,[],0.0
2020-09-16 20:00:00+00:00,169.51,0.023309585847582068,0.002268149999999247,,0.0,0.0,,0.0,83275.81499999999,16951.0,16951.0,0.0,0.16912639596499202,16951.0,163.44366666666664,16951.0,1,-0.00634560721100432,0.16912639596499202,0.16912639596499202,[],2020-09-16 20:00:00+00:00,2020-09,2020-09-16 13:31:00+00:00,294.0,100226.81499999999,"[{'sid': Equity(4 [MMM]), 'amount': 100, 'cost_basis': 166.18404999999996, 'last_sale_price': 169.51}]",0.0029419765669564946,0.3882956596563385,0.0,166.432,0.0,0,0.597564925646347,83275.81499999999,16657.0,16657.0,65,[],0.0
2020-09-17 20:00:00+00:00,172.38,0.023780351283552173,0.005138149999999175,,0.0,0.0,,0.0,83275.81499999999,17238.0,17238.0,0.0,0.17149881337207232,17238.0,164.05803333333333,17238.0,1,-0.00634560721100432,0.17149881337207232,0.17149881337207232,[],2020-09-17 20:00:00+00:00,2020-09,2020-09-17 13:31:00+00:00,287.0,100513.81499999999,"[{'sid': Equity(4 [MMM]), 'amount': 100, 'cost_basis': 166.18404999999996, 'last_sale_price': 172.38}]",0.0028635051408147927,0.8346074248768384,0.0,166.719,0.0,0,1.3203947968260317,83275.81499999999,16951.0,16951.0,66,[],0.0
2020-09-18 20:00:00+00:00,169.55,0.02425786676153939,0.002308149999999287,,0.0,0.0,,0.0,83275.81499999999,16955.0,16955.0,0.0,0.16915955437457036,16955.0,164.55659999999997,16955.0,1,-0.00634560721100432,0.17149881337207232,0.16915955437457036,[],2020-09-18 20:00:00+00:00,2020-09,2020-09-18 13:31:00+00:00,-283.0,100230.81499999999,"[{'sid': Equity(4 [MMM]), 'amount': 100, 'cost_basis': 166.18404999999996, 'last_sale_price': 169.55}]",-0.0028155333672290617,0.36941676761119646,0.0,167.043,0.0,0,0.5640771595676604,83275.81499999999,17238.0,17238.0,67,[],0.0
2020-09-21 20:00:00+00:00,161.36,0.028796740639844307,-0.005881850000000632,,0.0,0.0,,0.0,83275.81499999999,16136.000000000002,16136.000000000002,0.0,0.16231471078161086,16136.000000000002,164.70519999999996,16136.000000000002,1,-0.010963667034227987,0.17149881337207232,0.16231471078161086,[],2020-09-21 20:00:00+00:00,2020-09,2020-09-21 13:31:00+00:00,-819.0,99411.81499999999,"[{'sid': Equity(4 [MMM]), 'amount': 100, 'cost_basis': 166.18404999999996, 'last_sale_price': 161.36}]",-0.008171139783708203,-0.744938586744149,0.0,166.602,0.0,0,-0.9631126398985075,83275.81499999999,16955.0,16955.0,68,[],0.0
2020-09-22 20:00:00+00:00,162.34,0.028657389760842922,-0.0049018500000005405,,0.0,0.0,,0.0,83275.81499999999,16234.0,16234.0,0.0,0.16313968627114825,16234.0,164.78373333333334,16234.0,1,-0.010963667034227987,0.17149881337207232,0.16313968627114825,[],2020-09-22 20:00:00+00:00,2020-09,2020-09-22 13:31:00+00:00,98.0,99509.81499999999,"[{'sid': Equity(4 [MMM]), 'amount': 100, 'cost_basis': 166.18404999999996, 'last_sale_price': 162.34}]",0.000985798317835851,-0.6120794957916766,0.0,166.51899999999998,0.0,0,-0.7932824157894777,83275.81499999999,16136.000000000002,16136.000000000002,69,[],0.0
2020-09-23 20:00:00+00:00,159.51,0.02893186543012372,-0.00773185000000054,,0.0,0.0,,0.0,83275.81499999999,15951.0,15951.0,0.0,0.16075291744474518,15951.0,164.7038666666667,15951.0,1,-0.012804210048140932,0.17149881337207232,0.16075291744474518,[],2020-09-23 20:00:00+00:00,2020-09,2020-09-23 13:31:00+00:00,-283.0,99226.81499999999,"[{'sid': Equity(4 [MMM]), 'amount': 100, 'cost_basis': 166.18404999999996, 'last_sale_price': 159.51}]",-0.002843940570083414,-0.9514839886373186,0.0,165.9,0.0,0,-1.2177199442247695,83275.81499999999,16234.0,16234.0,70,[],0.0
2020-09-24 20:00:00+00:00,160.42000000000002,0.028789470295372214,-0.006821850000000462,,0.0,0.0,,0.0,83275.81499999999,16042.000000000002,16042.000000000002,0.0,0.1615218780235953,16042.000000000002,164.6252666666667,16042.000000000002,1,-0.012804210048140932,0.17149881337207232,0.1615218780235953,[],2020-09-24 20:00:00+00:00,2020-09,2020-09-24 13:31:00+00:00,91.0,99317.81499999999,"[{'sid': Equity(4 [MMM]), 'amount': 100, 'cost_basis': 166.18404999999996, 'last_sale_price': 160.42000000000002}]",0.0009170908085682772,-0.8296595498253835,0.0,165.627,0.0,0,-1.0641019605603643,83275.81499999999,15951.0,15951.0,71,[],0.0
2020-09-25 20:00:00+00:00,160.27,0.02858620226872253,-0.006971850000000446,,0.0,0.0,,0.0,83275.81499999999,16027.000000000002,16027.000000000002,0.0,0.16139522328747682,16027.000000000002,164.48880000000005,16027.000000000002,1,-0.012804210048140932,0.17149881337207232,0.16139522328747682,[],2020-09-25 20:00:00+00:00,2020-09,2020-09-25 13:31:00+00:00,-15.0,99302.81499999999,"[{'sid': Equity(4 [MMM]), 'amount': 100, 'cost_basis': 166.18404999999996, 'last_sale_price': 160.27}]",-0.00015103030609364687,-0.8424456779634039,0.0,165.037,0.0,0,-1.0803145026089742,83275.81499999999,16042.000000000002,16042.000000000002,72,[],0.0
2020-09-28 20:00:00+00:00,161.66,0.02852262494109215,-0.005581850000000443,,0.0,0.0,,0.0,83275.81499999999,16166.0,16166.0,0.0,0.16256742699235732,16166.0,164.39073333333334,16166.0,1,-0.012804210048140932,0.17149881337207232,0.16256742699235732,"[{'id': 'fa611f9161664066b20140c85cd88542', 'dt': Timestamp('2020-09-28 20:00:00+0000', tz='UTC'), 'reason': None, 'created': Timestamp('2020-09-28 20:00:00+0000', tz='UTC'), 'amount': -100, 'filled': 0, 'commission': 0, 'stop': None, 'limit': None, 'stop_reached': False, 'limit_reached': False, 'sid': Equity(4 [MMM]), 'status': 0}]",2020-09-28 20:00:00+00:00,2020-09,2020-09-28 13:31:00+00:00,139.0,99441.81499999999,"[{'sid': Equity(4 [MMM]), 'amount': 100, 'cost_basis': 166.18404999999996, 'last_sale_price': 161.66}]",0.0013997589091507834,-0.6633464944682046,0.0,164.35700000000003,0.0,0,-0.8546276682673906,83275.81499999999,16027.000000000002,16027.000000000002,73,[],0.0
2020-09-29 20:00:00+00:00,159.81,0.02853527015519366,-0.007512755000000482,,0.0,0.0,,15972.9095,99248.72449999998,0.0,0.0,0.0,0.0,0.0,164.2769333333334,0.0,0,-0.012804210048140932,0.17149881337207232,0.0,"[{'id': 'fa611f9161664066b20140c85cd88542', 'dt': Timestamp('2020-09-29 20:00:00+0000', tz='UTC'), 'reason': None, 'created': Timestamp('2020-09-28 20:00:00+0000', tz='UTC'), 'amount': -100, 'filled': -100, 'commission': 0.1, 'stop': None, 'limit': None, 'stop_reached': False, 'limit_reached': False, 'sid': Equity(4 [MMM]), 'status': 1}]",2020-09-29 20:00:00+00:00,2020-09,2020-09-29 13:31:00+00:00,-193.0905000000057,99248.72449999998,[],-0.0019417435210731249,-0.8858204656145008,0.0,163.68099999999998,0.0,0,-1.1345872996202735,83275.81499999999,16166.0,16166.0,74,"[{'amount': -100, 'dt': Timestamp('2020-09-29 20:00:00+0000', tz='UTC'), 'price': 159.730095, 'order_id': 'fa611f9161664066b20140c85cd88542', 'sid': Equity(4 [MMM]), 'commission': None}]",0.0
2020-09-30 20:00:00+00:00,160.18,0.028342404857400916,-0.007512755000000482,,0.0,0.0,,0.0,99248.72449999998,0.0,0.0,0.0,0.0,0.0,164.18636666666671,0.0,0,-0.012804210048140932,0.17149881337207232,0.0,[],2020-09-30 20:00:00+00:00,2020-09,2020-09-30 13:31:00+00:00,0.0,99248.72449999998,[],0.0,-0.8799570138873593,0.0,162.748,0.0,0,-1.126998001737431,99248.72449999998,0.0,0.0,75,[],0.0
2020-10-01 20:00:00+00:00,158.79,0.028153398227006937,-0.007512755000000482,,0.0,0.0,,0.0,99248.72449999998,0.0,0.0,0.0,0.0,0.0,164.06300000000005,0.0,0,-0.012804210048140932,0.17149881337207232,0.0,[],2020-10-01 20:00:00+00:00,2020-10,2020-10-01 13:31:00+00:00,0.0,99248.72449999998,[],0.0,-0.874208454793654,0.0,161.38899999999998,0.0,0,-1.1195589897366554,99248.72449999998,0.0,0.0,76,[],0.0
2020-10-02 20:00:00+00:00,160.36,0.027968123283953487,-0.007512755000000482,,0.0,0.0,,0.0,99248.72449999998,0.0,0.0,0.0,0.0,0.0,164.02500000000003,0.0,0,-0.012804210048140932,0.17149881337207232,0.0,[],2020-10-02 20:00:00+00:00,2020-10,2020-10-02 13:31:00+00:00,0.0,99248.72449999998,[],0.0,-0.8685710852408931,0.0,160.46999999999997,0.0,0,-1.112265368189123,99248.72449999998,0.0,0.0,77,[],0.0
2020-10-05 20:00:00+00:00,162.75,0.027786458822520507,-0.007512755000000482,,0.0,0.0,,0.0,99248.72449999998,0.0,0.0,0.0,0.0,0.0,164.0596666666667,0.0,0,-0.012804210048140932,0.17149881337207232,0.0,[],2020-10-05 20:00:00+00:00,2020-10,2020-10-05 13:31:00+00:00,0.0,99248.72449999998,[],0.0,-0.8630413670753235,0.0,160.609,0.0,0,-1.1051124620460069,99248.72449999998,0.0,0.0,78,[],0.0
2020-10-06 20:00:00+00:00,162.23,0.02760828907803305,-0.007512755000000482,,0.0,0.0,,0.0,99248.72449999998,0.0,0.0,0.0,0.0,0.0,164.01633333333334,0.0,0,-0.012804210048140932,0.17149881337207232,0.0,[],2020-10-06 20:00:00+00:00,2020-10,2020-10-06 13:31:00+00:00,0.0,99248.72449999998,[],0.0,-0.8576159177568211,0.0,160.598,0.0,0,-1.0980958040448539,99248.72449999998,0.0,0.0,79,[],0.0
2020-10-07 20:00:00+00:00,166.49,0.027433503416784022,-0.007512755000000482,,0.0,0.0,,0.0,99248.72449999998,0.0,0.0,0.0,0.0,0.0,164.12933333333334,0.0,0,-0.012804210048140932,0.17149881337207232,0.0,[],2020-10-07 20:00:00+00:00,2020-10,2020-10-07 13:31:00+00:00,0.0,99248.72449999998,[],0.0,-0.8522915016700399,0.0,161.29600000000002,0.0,0,-1.091211122984527,99248.72449999998,0.0,0.0,80,[],0.0
2020-10-08 20:00:00+00:00,167.71,0.027261996047285474,-0.007512755000000482,,0.0,0.0,,0.0,99248.72449999998,0.0,0.0,0.0,0.0,0.0,164.25633333333332,0.0,0,-0.012804210048140932,0.17149881337207232,0.0,[],2020-10-08 20:00:00+00:00,2020-10,2020-10-08 13:31:00+00:00,0.0,99248.72449999998,[],0.0,-0.847065022021149,0.0,162.02500000000003,0.0,0,-1.0844543327987934,99248.72449999998,0.0,0.0,81,[],0.0
2020-10-09 20:00:00+00:00,169.3,0.027093665751135854,-0.007512755000000482,,0.0,0.0,,0.0,99248.72449999998,0.0,0.0,0.0,0.0,0.0,164.43033333333332,0.0,0,-0.012804210048140932,0.17149881337207232,0.0,[],2020-10-09 20:00:00+00:00,2020-10,2020-10-09 13:31:00+00:00,0.0,99248.72449999998,[],0.0,-0.8419335132740949,0.0,162.928,0.0,0,-1.0778215223650525,99248.72449999998,0.0,0.0,82,[],0.0
2020-10-12 20:00:00+00:00,168.65,0.02692841563194767,-0.007512755000000482,,0.0,0.0,,0.0,99248.72449999998,0.0,0.0,0.0,0.0,0.0,164.53,0.0,0,-0.012804210048140932,0.17149881337207232,0.0,[],2020-10-12 20:00:00+00:00,2020-10,2020-10-12 13:31:00+00:00,0.0,99248.72449999998,[],0.0,-0.8368941340844437,0.0,163.627,0.0,0,-1.0713089459904563,99248.72449999998,0.0,0.0,83,[],0.0
2020-10-13 20:00:00+00:00,166.63,0.02676615288092016,-0.007512755000000482,,0.0,0.0,,0.0,99248.72449999998,0.0,0.0,0.0,0.0,0.0,164.65033333333332,0.0,0,-0.012804210048140932,0.17149881337207232,0.0,[],2020-10-13 20:00:00+00:00,2020-10,2020-10-13 13:31:00+00:00,0.0,99248.72449999998,[],0.0,-0.8319441606925906,0.0,164.30900000000003,0.0,0,-1.0649130145228507,99248.72449999998,0.0,0.0,84,[],0.0
2020-10-14 20:00:00+00:00,168.4,0.026606788557768796,-0.007512755000000482,,0.0,0.0,,0.0,99248.72449999998,0.0,0.0,0.0,0.0,0.0,164.77033333333333,0.0,0,-0.012804210048140932,0.17149881337207232,0.0,"[{'id': 'e080c237c6264b2ca68e02f46b78eb9e', 'dt': Timestamp('2020-10-14 20:00:00+0000', tz='UTC'), 'reason': None, 'created': Timestamp('2020-10-14 20:00:00+0000', tz='UTC'), 'amount': 100, 'filled': 0, 'commission': 0, 'stop': None, 'limit': None, 'stop_reached': False, 'limit_reached': False, 'sid': Equity(4 [MMM]), 'status': 0}]",2020-10-14 20:00:00+00:00,2020-10,2020-10-14 13:31:00+00:00,0.0,99248.72449999998,[],0.0,-0.8270809807414494,0.0,165.13100000000003,0.0,0,-1.0586302870386042,99248.72449999998,0.0,0.0,85,[],0.0
2020-10-15 20:00:00+00:00,169.08,0.026449815055615163,-0.007598295000000532,,0.0,0.0,,-16916.554,82332.17049999998,16908.0,16908.0,0.0,0.17037455613803085,16908.0,164.75599999999997,16908.0,1,-0.012804210048140932,0.17149881337207232,0.17037455613803085,"[{'id': 'e080c237c6264b2ca68e02f46b78eb9e', 'dt': Timestamp('2020-10-15 20:00:00+0000', tz='UTC'), 'reason': None, 'created': Timestamp('2020-10-14 20:00:00+0000', tz='UTC'), 'amount': 100, 'filled': 100, 'commission': 0.1, 'stop': None, 'limit': None, 'stop_reached': False, 'limit_reached': False, 'sid': Equity(4 [MMM]), 'status': 1}]",2020-10-15 20:00:00+00:00,2020-10,2020-10-15 13:31:00+00:00,-8.554000000003725,99240.17049999998,"[{'sid': Equity(4 [MMM]), 'amount': 100, 'cost_basis': 169.16554, 'last_sale_price': 169.08}]",-8.61875056137329e-05,-0.8318634669347952,0.0,166.16000000000003,0.0,0,-1.06465086153199,99248.72449999998,0.0,0.0,86,"[{'amount': 100, 'dt': Timestamp('2020-10-15 20:00:00+0000', tz='UTC'), 'price': 169.16454000000002, 'order_id': 'e080c237c6264b2ca68e02f46b78eb9e', 'sid': Equity(4 [MMM]), 'commission': None}]",0.0
2020-10-16 20:00:00+00:00,170.97,0.026513187538296568,-0.005708295000000474,,0.0,0.0,,0.0,82332.17049999998,17097.0,17097.0,0.0,0.1719515501741011,17097.0,164.91133333333332,17097.0,1,-0.012804210048140932,0.1719515501741011,0.1719515501741011,[],2020-10-16 20:00:00+00:00,2020-10,2020-10-16 13:31:00+00:00,189.0,99429.17049999998,"[{'sid': Equity(4 [MMM]), 'amount': 100, 'cost_basis': 169.16554, 'last_sale_price': 170.97}]",0.0019044707304287645,-0.6122739109295536,0.0,167.221,0.0,0,-0.7900427961283247,82332.17049999998,16908.0,16908.0,87,[],0.0
2020-10-19 20:00:00+00:00,169.55,0.02646119701250603,-0.007128295000000562,,0.0,0.0,,0.0,82332.17049999998,16955.0,16955.0,0.0,0.17076727954494386,16955.0,165.03733333333332,16955.0,1,-0.012804210048140932,0.1719515501741011,0.17076727954494386,[],2020-10-19 20:00:00+00:00,2020-10,2020-10-19 13:31:00+00:00,-142.0,99287.17049999998,"[{'sid': Equity(4 [MMM]), 'amount': 100, 'cost_basis': 169.16554, 'last_sale_price': 169.55}]",-0.0014281523147173791,-0.7610605152718798,0.0,167.901,0.0,0,-0.978894279629421,82332.17049999998,17097.0,17097.0,88,[],0.0
2020-10-20 20:00:00+00:00,170.95000000000002,0.026429605132824375,-0.005728295000000716,,0.0,0.0,,0.0,82332.17049999998,17095.0,17095.0,0.0,0.1719348937924368,17095.0,165.29666666666665,17095.0,1,-0.012804210048140932,0.1719515501741011,0.1719348937924368,[],2020-10-20 20:00:00+00:00,2020-10,2020-10-20 13:31:00+00:00,140.0,99427.17049999998,"[{'sid': Equity(4 [MMM]), 'amount': 100, 'cost_basis': 169.16554, 'last_sale_price': 170.95000000000002}]",0.0014100512613559602,-0.6023469274497573,0.0,168.773,0.0,0,-0.7782124148415178,82332.17049999998,16955.0,16955.0,89,[],0.0
2020-10-21 20:00:00+00:00,169.17000000000002,0.026439124620772407,-0.00750829500000072,,0.0,0.0,,0.0,82332.17049999998,16917.0,16917.0,0.0,0.1704497872856278,16917.0,165.41233333333335,16917.0,1,-0.012804210048140932,0.1719515501741011,0.1704497872856278,[],2020-10-21 20:00:00+00:00,2020-10,2020-10-21 13:31:00+00:00,-178.0,99249.17049999998,"[{'sid': Equity(4 [MMM]), 'amount': 100, 'cost_basis': 169.16554, 'last_sale_price': 169.17000000000002}]",-0.0017902551093919028,-0.7850342807432085,0.0,169.041,0.0,0,-1.009402069118131,82332.17049999998,17095.0,17095.0,90,[],0.0
2020-10-22 20:00:00+00:00,170.71,0.02643206745478584,-0.005968295000000734,,0.0,0.0,,0.0,82332.17049999998,17071.0,17071.0,0.0,0.17173496493253204,17071.0,165.66433333333336,17071.0,1,-0.012804210048140932,0.1719515501741011,0.17173496493253204,[],2020-10-22 20:00:00+00:00,2020-10,2020-10-22 13:31:00+00:00,154.0,99403.17049999998,"[{'sid': Equity(4 [MMM]), 'amount': 100, 'cost_basis': 169.16554, 'last_sale_price': 170.71}]",0.0015516502477972427,-0.6140517714466683,0.0,169.34100000000004,0.0,0,-0.7937140368248997,82332.17049999998,16917.0,16917.0,91,[],0.0
2020-10-23 20:00:00+00:00,169.8,0.02632414509990704,-0.0068782950000007,,0.0,0.0,,0.0,82332.17049999998,16980.0,16980.0,0.0,0.17097602352775085,16980.0,165.78533333333337,16980.0,1,-0.012804210048140932,0.1719515501741011,0.17097602352775085,[],2020-10-23 20:00:00+00:00,2020-10,2020-10-23 13:31:00+00:00,-91.0,99312.17049999998,"[{'sid': Equity(4 [MMM]), 'amount': 100, 'cost_basis': 169.16554, 'last_sale_price': 169.8}]",-0.0009154637577681868,-0.7051249801295786,0.0,169.39100000000002,0.0,0,-0.9101640658244184,82332.17049999998,17071.0,17071.0,92,[],0.0
2020-10-26 20:00:00+00:00,166.16,0.02683991873435483,-0.010518295000000677,,0.0,0.0,,0.0,82332.17049999998,16616.0,16616.0,0.0,0.1679262983442428,16616.0,165.7086666666667,16616.0,1,-0.015576411063494026,0.1719515501741011,0.1679262983442428,[],2020-10-26 20:00:00+00:00,2020-10,2020-10-26 13:31:00+00:00,-364.0,98948.17049999998,"[{'sid': Equity(4 [MMM]), 'amount': 100, 'cost_basis': 169.16554, 'last_sale_price': 166.16}]",-0.0036652103983569884,-1.0541671547026372,0.0,169.14200000000002,0.0,0,-1.336991915382041,82332.17049999998,16980.0,16980.0,93,[],0.0
2020-10-27 20:00:00+00:00,161.03,0.02795724487873287,-0.015648295000000645,,0.0,0.0,,0.0,82332.17049999998,16103.0,16103.0,0.0,0.16358990306213778,16103.0,165.524,16103.0,1,-0.02068018709666908,0.1719515501741011,0.16358990306213778,[],2020-10-27 20:00:00+00:00,2020-10,2020-10-27 13:31:00+00:00,-513.0,98435.17049999998,"[{'sid': Equity(4 [MMM]), 'amount': 100, 'cost_basis': 169.16554, 'last_sale_price': 161.03}]",-0.005184532441658396,-1.4984209925939047,0.0,168.582,0.0,0,-1.8457256636595292,82332.17049999998,16616.0,16616.0,94,[],0.0
2020-10-28 20:00:00+00:00,158.53,0.028075545309923677,-0.01814829500000059,,0.0,0.0,,0.0,82332.17049999998,15853.0,15853.0,0.0,0.1614602278457112,15853.0,165.158,15853.0,1,-0.02316740738574079,0.1719515501741011,0.1614602278457112,[],2020-10-28 20:00:00+00:00,2020-10,2020-10-28 13:31:00+00:00,-250.0,98185.17049999998,"[{'sid': Equity(4 [MMM]), 'amount': 100, 'cost_basis': 169.16554, 'last_sale_price': 158.53}]",-0.0025397426420874503,-1.7163605594464393,0.0,167.595,0.0,0,-2.099442252634052,82332.17049999998,16103.0,16103.0,95,[],0.0
2020-10-29 20:00:00+00:00,158.48,0.027928313400692503,-0.018198295000000586,,0.0,0.0,,0.0,82332.17049999998,15847.999999999998,15847.999999999998,0.0,0.16141752371473017,15847.999999999998,164.69466666666665,15847.999999999998,1,-0.02321715179152218,0.1719515501741011,0.16141752371473017,[],2020-10-29 20:00:00+00:00,2020-10,2020-10-29 13:31:00+00:00,-5.0,98180.17049999998,"[{'sid': Equity(4 [MMM]), 'amount': 100, 'cost_basis': 169.16554, 'last_sale_price': 158.48}]",-5.092418717145275e-05,-1.7122222219735574,0.0,166.53500000000003,0.0,0,-2.0943199218783666,82332.17049999998,15853.0,15853.0,96,[],0.0
2020-10-30 20:00:00+00:00,159.96,0.027916823778069557,-0.01671829500000066,,0.0,0.0,,0.0,82332.17049999998,15996.0,15996.0,0.0,0.16267972767783778,15996.0,164.37499999999997,15996.0,1,-0.02321715179152218,0.1719515501741011,0.16267972767783778,[],2020-10-30 20:00:00+00:00,2020-10,2020-10-30 13:31:00+00:00,148.0,98328.17049999998,"[{'sid': Equity(4 [MMM]), 'amount': 100, 'cost_basis': 169.16554, 'last_sale_price': 159.96}]",0.001507432705059264,-1.5549862666942111,0.0,165.43400000000003,0.0,0,-1.9110893790889845,82332.17049999998,15847.999999999998,15847.999999999998,97,[],0.0
2020-11-02 21:00:00+00:00,162.94,0.028243480726478285,-0.013738295000000567,,0.0,0.0,,0.0,82332.17049999998,16294.0,16294.0,0.0,0.16520969958982645,16294.0,164.42766666666662,16294.0,1,-0.02321715179152218,0.1719515501741011,0.16520969958982645,[],2020-11-02 21:00:00+00:00,2020-11,2020-11-02 14:31:00+00:00,298.0,98626.17049999998,"[{'sid': Equity(4 [MMM]), 'amount': 100, 'cost_basis': 169.16554, 'last_sale_price': 162.94}]",0.0030306675948985617,-1.2453907740716352,0.0,164.77300000000002,0.0,0,-1.5564653932575538,82332.17049999998,15996.0,15996.0,98,[],0.0
2020-11-03 21:00:00+00:00,165.51,0.028438351412114364,-0.011168295000000494,,0.0,0.0,,0.0,82332.17049999998,16551.0,16551.0,0.0,0.16737934186687514,16551.0,164.5333333333333,16551.0,1,-0.02321715179152218,0.1719515501741011,0.16737934186687514,"[{'id': '7fe146a707ae44d3ac94a99b1002d464', 'dt': Timestamp('2020-11-03 21:00:00+0000', tz='UTC'), 'reason': None, 'created': Timestamp('2020-11-03 21:00:00+0000', tz='UTC'), 'amount': -100, 'filled': 0, 'commission': 0, 'stop': None, 'limit': None, 'stop_reached': False, 'limit_reached': False, 'sid': Equity(4 [MMM]), 'status': 0}]",2020-11-03 21:00:00+00:00,2020-11,2020-11-03 14:31:00+00:00,257.0,98883.17049999998,"[{'sid': Equity(4 [MMM]), 'amount': 100, 'cost_basis': 169.16554, 'last_sale_price': 165.51}]",0.0026057992386514517,-0.9911239842865944,0.0,164.22899999999998,0.0,0,-1.253581482987798,82332.17049999998,16294.0,16294.0,99,[],0.0
2020-11-04 21:00:00+00:00,160.16,0.029555475662838147,-0.016599375000000527,,0.0,0.0,,16007.891999999998,98340.06249999997,0.0,0.0,0.0,0.0,0.0,164.55499999999998,0.0,0,-0.02321715179152218,0.1719515501741011,0.0,"[{'id': '7fe146a707ae44d3ac94a99b1002d464', 'dt': Timestamp('2020-11-04 21:00:00+0000', tz='UTC'), 'reason': None, 'created': Timestamp('2020-11-03 21:00:00+0000', tz='UTC'), 'amount': -100, 'filled': -100, 'commission': 0.1, 'stop': None, 'limit': None, 'stop_reached': False, 'limit_reached': False, 'sid': Equity(4 [MMM]), 'status': 1}]",2020-11-04 21:00:00+00:00,2020-11,2020-11-04 14:31:00+00:00,-543.1080000000075,98340.06249999997,[],-0.005492420977743717,-1.4124277401814418,0.0,163.328,0.0,0,-1.7386052402301555,82332.17049999998,16551.0,16551.0,100,"[{'amount': -100, 'dt': Timestamp('2020-11-04 21:00:00+0000', tz='UTC'), 'price': 160.07992, 'order_id': '7fe146a707ae44d3ac94a99b1002d464', 'sid': Equity(4 [MMM]), 'commission': None}]",0.0
